3.03317,1.46585,3.07854,,,,,,,,,,,,,,,,
3.03495,1.46551,3.08021,,,,,,,,,,,,,,,,
3.02435,1.46478,3.07055,,,,,,,,,,,,,,,,
3.02369,1.46531,3.06976,,,,,,,,,,,,,,,,
3.02092,1.46474,3.06703,,,,,,,,,,,,,,,,
3.02068,1.46492,3.06674,,,,,,,,,,,,,,,,
3.02897,1.46572,3.07429,,,,,,,,,,,,,,,,
3.02874,1.46545,3.07432,,,,,,,,,,,,,,,,
3.03308,1.46522,3.07863,,,,,,,,,,,,,,,,
3.02615,1.46444,3.07223,,,,,,,,,,,,,,,,
3.02684,1.46409,3.07319,,,,,,,,,,,,,,,,
3.04269,1.46486,3.08833,,,,,,,,,,,,,,,,
3.02174,1.46547,3.06887,,,,,,,,,,,,,,,,
2.97142,1.46599,3.02098,,,,,,,,,,,,,,,,
2.95793,1.4646,3.00671,,,,,,,,,,,,,,,,
2.97087,1.46472,3.01884,,,,,,,,,,,,,,,,
2.9596,1.46499,3.00877,,,,,,,,,,,,,,,,
2.96709,1.46511,3.01573,,,,,,,,,,,,,,,,
2.96627,1.46447,3.01547,,,,,,,,,,,,,,,,
2.95562,1.46664,3.00437,,,,,,,,,,,,,,,,
2.94677,1.46729,2.9955,,,,,,,,,,,,,,,,
2.94921,1.46905,2.9963,,,,,,,,,,,,,-0.0128442393615841,0.7429029345512390,0.0191960167139768,0.6690005660057060
2.96471,1.47111,3.01021,,,,,,,,,,,,,3.03317,1.46585,3.07854,
2.95546,1.47204,3.00175,,,,,,,,,,,,,x,y,z,
2.94267,1.47165,2.99073,,,,,,,,,,,,,,,,
2.95688,1.47261,3.00352,,,,,,,,,,,,,,,,
2.93243,1.47499,2.9786,,,,,,,,,,,,,,,,
2.873,1.47529,2.9207,,,,,,,,,,,,,,,,
2.86221,1.47539,2.90931,,,,,,,,,,,,,,,,
2.91507,1.47883,2.95806,,,,,,,,,,,,,,,,
2.95581,1.47989,2.99645,,,,,,,,,,,,,,,,
2.998,1.4843,3.03656,,,,,,,,,,,,,,,,
2.98896,1.49093,3.02976,,,,,,,,,,,,,,,,
2.99244,1.49545,3.03625,,,,,,,,,,,,,,,,
2.9088,1.50128,2.9585,,,,,,,,,,,,,,,,
2.90797,1.50199,2.95819,,,,,,,,,,,,,,,,
2.93407,1.50316,2.98296,,,,,,,,,,,,,,,,
3.02995,1.5036,3.07488,,,,,,,,,,,,,,,,
3.08649,1.49433,3.13175,,,,,,,,,,,,,,,,
-3.08952,1.49659,-3.04848,,,,,,,,,,,,,,,,
-2.85162,1.49704,-2.81545,,,,,,,,,,,,,,,,
-2.84052,1.49422,-2.80337,,,,,,,,,,,,,,,,
-2.97468,1.49827,-2.93505,,,,,,,,,,,,,,,,
-2.95926,1.49915,-2.92045,,,,,,,,,,,,,,,,
-3.12288,1.50811,-3.10743,,,,,,,,,,,,,,,,
2.78382,1.50762,2.75901,,,,,,,,,,,,,,,,
2.65781,1.50098,2.62487,,,,,,,,,,,,,,,,
2.75433,1.50243,2.74154,,,,,,,,,,,,,,,,
2.83981,1.51274,2.80345,,,,,,,,,,,,,,,,
2.65705,1.517,2.55636,,,,,,,,,,,,,,,,
2.36481,1.50253,2.20664,,,,,,,,,,,,,,,,
2.21878,1.46247,1.98208,,,,,,,,,,,,,,,,
2.13969,1.43427,1.86538,,,,,,,,,,,,,,,,
2.12342,1.42889,1.8475,,,,,,,,,,,,,,,,
2.15697,1.45181,1.86507,,,,,,,,,,,,,,,,
2.12709,1.4563,1.80715,,,,,,,,,,,,,,,,
2.17402,1.45274,1.7943,,,,,,,,,,,,,,,,
2.3128,1.4585,1.86656,,,,,,,,,,,,,,,,
2.36679,1.47789,1.83825,,,,,,,,,,,,,,,,
2.36788,1.51032,1.75531,,,,,,,,,,,,,,,,
2.05812,1.52954,1.37051,,,,,,,,,,,,,,,,
1.0191,1.52867,0.243356,,,,,,,,,,,,,,,,
0.713203,1.51482,-0.106925,,,,,,,,,,,,,,,,
0.875991,1.51102,0.00945245,,,,,,,,,,,,,,,,
1.4918,1.4731,0.517143,,,,,,,,,,,,,,,,
1.72819,1.45153,0.703117,,,,,,,,,,,,,,,,
1.95452,1.41829,0.846801,,,,,,,,,,,,,,,,
2.1044,1.41186,0.929998,,,,,,,,,,,,,,,,
2.1831,1.42129,0.94042,,,,,,,,,,,,,,,,
2.18091,1.44404,0.859211,,,,,,,,,,,,,,,,
2.20643,1.4579,0.819583,,,,,,,,,,,,,,,,
2.12871,1.47093,0.660826,,,,,,,,,,,,,,,,
2.11848,1.4786,0.602968,,,,,,,,,,,,,,,,
2.28599,1.4612,0.660658,,,,,,,,,,,,,,,,
2.52936,1.44646,0.810199,,,,,,,,,,,,,,,,
2.75828,1.43648,0.959656,,,,,,,,,,,,,,,,
2.94585,1.42293,1.06898,,,,,,,,,,,,,,,,
3.05723,1.41785,1.09786,,,,,,,,,,,,,,,,
-3.11019,1.42202,1.11751,,,,,,,,,,,,,,,,
-2.89476,1.39517,1.2184,,,,,,,,,,,,,,,,
-2.66913,1.39641,1.31731,,,,,,,,,,,,,,,,
-2.59767,1.40218,1.26807,,,,,,,,,,,,,,,,
-2.51183,1.40035,1.23409,,,,,,,,,,,,,,,,
-2.43441,1.41144,1.21673,,,,,,,,,,,,,,,,
-2.24992,1.40525,1.26559,,,,,,,,,,,,,,,,
-2.26458,1.41055,1.14679,,,,,,,,,,,,,,,,
-2.34096,1.41875,0.996462,,,,,,,,,,,,,,,,
-2.55483,1.42328,0.703276,,,,,,,,,,,,,,,,
-2.83942,1.40741,0.305209,,,,,,,,,,,,,,,,
-2.92558,1.4042,0.106683,,,,,,,,,,,,,,,,
-2.84379,1.40888,0.0742183,,,,,,,,,,,,,,,,
-2.78194,1.40832,0.065032,,,,,,,,,,,,,,,,
-2.77238,1.40282,-0.015456,,,,,,,,,,,,,,,,
-2.70113,1.39361,-0.0182463,,,,,,,,,,,,,,,,
-2.66108,1.39909,-0.0436698,,,,,,,,,,,,,,,,
-2.65539,1.40114,-0.0346879,,,,,,,,,,,,,,,,
-2.68685,1.40042,-0.0524428,,,,,,,,,,,,,,,,
-2.78052,1.39659,-0.0943361,,,,,,,,,,,,,,,,
-2.83751,1.40425,-0.0741666,,,,,,,,,,,,,,,,
-2.95433,1.41603,-0.064918,,,,,,,,,,,,,,,,
3.0727,1.42155,-0.171174,,,,,,,,,,,,,,,,
3.0176,1.40748,-0.139479,,,,,,,,,,,,,,,,
2.98535,1.40325,-0.0591532,,,,,,,,,,,,,,,,
2.88138,1.41184,-0.0570304,,,,,,,,,,,,,,,,
2.82884,1.43252,0.00945361,,,,,,,,,,,,,,,,
2.78144,1.45233,0.0558322,,,,,,,,,,,,,,,,
2.64147,1.4637,0.0251026,,,,,,,,,,,,,,,,
2.54235,1.45439,0.0231232,,,,,,,,,,,,,,,,
2.54001,1.43369,0.0861363,,,,,,,,,,,,,,,,
2.5263,1.4237,0.190399,,,,,,,,,,,,,,,,
2.41259,1.41503,0.232649,,,,,,,,,,,,,,,,
2.37585,1.40638,0.274102,,,,,,,,,,,,,,,,
2.38619,1.40181,0.373573,,,,,,,,,,,,,,,,
2.29765,1.39875,0.403553,,,,,,,,,,,,,,,,
2.2422,1.39451,0.46815,,,,,,,,,,,,,,,,
2.09182,1.3997,0.484383,,,,,,,,,,,,,,,,
1.97933,1.40411,0.441103,,,,,,,,,,,,,,,,
1.8261,1.40942,0.409089,,,,,,,,,,,,,,,,
1.78727,1.413,0.43713,,,,,,,,,,,,,,,,
1.58998,1.41708,0.33313,,,,,,,,,,,,,,,,
1.33061,1.42219,0.178189,,,,,,,,,,,,,,,,
1.05214,1.42749,0.00851041,,,,,,,,,,,,,,,,
0.754667,1.42574,-0.163907,,,,,,,,,,,,,,,,
0.600509,1.44008,-0.215847,,,,,,,,,,,,,,,,
0.854415,1.45483,0.200976,,,,,,,,,,,,,,,,
0.881622,1.46271,0.339691,,,,,,,,,,,,,,,,
0.902861,1.46909,0.407511,,,,,,,,,,,,,,,,
1.02921,1.47894,0.637437,,,,,,,,,,,,,,,,
1.21163,1.47253,0.912593,,,,,,,,,,,,,,,,
1.29743,1.45953,1.05752,,,,,,,,,,,,,,,,
0.962528,1.48644,0.83542,,,,,,,,,,,,,,,,
0.078643,1.51075,0.0859757,,,,,,,,,,,,,,,,
-0.816909,1.47176,-0.670115,,,,,,,,,,,,,,,,
-0.935563,1.43532,-0.702629,,,,,,,,,,,,,,,,
-0.950559,1.40535,-0.64241,,,,,,,,,,,,,,,,
-0.933704,1.37181,-0.488415,,,,,,,,,,,,,,,,
-0.789215,1.35591,-0.248462,,,,,,,,,,,,,,,,
-0.570016,1.34855,0.0334662,,,,,,,,,,,,,,,,
-0.422043,1.33419,0.261171,,,,,,,,,,,,,,,,
-0.33774,1.33518,0.443178,,,,,,,,,,,,,,,,
-0.384258,1.33369,0.525758,,,,,,,,,,,,,,,,
-0.502184,1.32208,0.501771,,,,,,,,,,,,,,,,
-0.662656,1.2906,0.43868,,,,,,,,,,,,,,,,
-0.759613,1.26336,0.434406,,,,,,,,,,,,,,,,
-0.821602,1.26689,0.451823,,,,,,,,,,,,,,,,
-0.8436,1.29368,0.486263,,,,,,,,,,,,,,,,
-0.85067,1.32769,0.573221,,,,,,,,,,,,,,,,
-0.889949,1.35863,0.636434,,,,,,,,,,,,,,,,
-1.04982,1.38419,0.568698,,,,,,,,,,,,,,,,
-1.39178,1.41152,0.341593,,,,,,,,,,,,,,,,
-1.76425,1.41575,0.0786637,,,,,,,,,,,,,,,,
-1.96061,1.41585,-0.0286337,,,,,,,,,,,,,,,,
-1.9748,1.42476,0.064468,,,,,,,,,,,,,,,,
-1.86589,1.43088,0.247192,,,,,,,,,,,,,,,,
-1.76198,1.43226,0.502539,,,,,,,,,,,,,,,,
-1.81534,1.43402,0.510486,,,,,,,,,,,,,,,,
-1.95025,1.43705,0.463388,,,,,,,,,,,,,,,,
-2.17613,1.44732,0.295692,,,,,,,,,,,,,,,,
-2.44894,1.45543,0.0698962,,,,,,,,,,,,,,,,
-2.70093,1.45784,-0.121375,,,,,,,,,,,,,,,,
-2.83467,1.46005,-0.21863,,,,,,,,,,,,,,,,
-2.8996,1.45641,-0.234684,,,,,,,,,,,,,,,,
-2.8592,1.46895,-0.131757,,,,,,,,,,,,,,,,
-2.71435,1.4818,0.0715983,,,,,,,,,,,,,,,,
-2.52978,1.48563,0.324875,,,,,,,,,,,,,,,,
-2.53205,1.48283,0.37251,,,,,,,,,,,,,,,,
-2.6802,1.4789,0.252324,,,,,,,,,,,,,,,,
-2.79707,1.47607,0.17005,,,,,,,,,,,,,,,,
-2.77923,1.47716,0.205578,,,,,,,,,,,,,,,,
-2.78583,1.47992,0.216566,,,,,,,,,,,,,,,,
-2.78783,1.48303,0.219191,,,,,,,,,,,,,,,,
-2.7865,1.48777,0.215825,,,,,,,,,,,,,,,,
-2.74221,1.4915,0.247312,,,,,,,,,,,,,,,,
-2.69085,1.49179,0.284651,,,,,,,,,,,,,,,,
-2.55066,1.49434,0.378451,,,,,,,,,,,,,,,,
-2.34659,1.49919,0.533916,,,,,,,,,,,,,,,,
-1.97019,1.50121,0.822087,,,,,,,,,,,,,,,,
-1.65287,1.49926,1.04876,,,,,,,,,,,,,,,,
-1.52755,1.49921,1.09133,,,,,,,,,,,,,,,,
-1.76209,1.51834,0.758941,,,,,,,,,,,,,,,,
-2.12436,1.52761,0.291057,,,,,,,,,,,,,,,,
-2.24303,1.53939,0.00600602,,,,,,,,,,,,,,,,
-1.28735,1.55171,0.825957,,,,,,,,,,,,,,,,
-0.454733,1.53808,1.56733,,,,,,,,,,,,,,,,
-0.186996,1.50722,1.70318,,,,,,,,,,,,,,,,
-0.285266,1.49769,1.53761,,,,,,,,,,,,,,,,
-0.347254,1.48155,1.38161,,,,,,,,,,,,,,,,
-0.304334,1.47205,1.38066,,,,,,,,,,,,,,,,
-0.325601,1.46381,1.28352,,,,,,,,,,,,,,,,
-0.322875,1.4598,1.20727,,,,,,,,,,,,,,,,
-0.287131,1.48061,1.11759,,,,,,,,,,,,,,,,
-0.183304,1.52562,1.08225,,,,,,,,,,,,,,,,
-0.774088,1.56088,0.373853,,,,,,,,,,,,,,,,
-2.77828,1.54995,-1.77969,,,,,,,,,,,,,,,,
-2.79235,1.54166,-1.85587,,,,,,,,,,,,,,,,
-2.74383,1.53118,-1.90384,,,,,,,,,,,,,,,,
-2.64785,1.52296,-1.88984,,,,,,,,,,,,,,,,
-2.43303,1.52142,-1.73637,,,,,,,,,,,,,,,,
-2.01332,1.52084,-1.40569,,,,,,,,,,,,,,,,
-1.52761,1.50877,-1.04917,,,,,,,,,,,,,,,,
-1.47306,1.5121,-1.03369,,,,,,,,,,,,,,,,
-1.49329,1.51597,-1.07046,,,,,,,,,,,,,,,,
-1.50268,1.52341,-1.11513,,,,,,,,,,,,,,,,
-1.43596,1.52262,-1.09747,,,,,,,,,,,,,,,,
-1.22787,1.51791,-0.933554,,,,,,,,,,,,,,,,
-0.960439,1.50736,-0.732821,,,,,,,,,,,,,,,,
-0.509072,1.49944,-0.372001,,,,,,,,,,,,,,,,
-0.356782,1.49219,-0.266702,,,,,,,,,,,,,,,,
-0.289211,1.48073,-0.252341,,,,,,,,,,,,,,,,
-0.361937,1.48068,-0.377663,,,,,,,,,,,,,,,,
-0.402169,1.4616,-0.500895,,,,,,,,,,,,,,,,
-0.616637,1.43115,-0.843222,,,,,,,,,,,,,,,,
-0.783528,1.42621,-1.08175,,,,,,,,,,,,,,,,
-0.883045,1.42547,-1.2565,,,,,,,,,,,,,,,,
-0.550423,1.46659,-1.12098,,,,,,,,,,,,,,,,
-0.475982,1.48012,-1.09489,,,,,,,,,,,,,,,,
-0.449597,1.49846,-1.21778,,,,,,,,,,,,,,,,
-0.405396,1.51246,-1.31817,,,,,,,,,,,,,,,,
-0.775704,1.53087,-1.79581,,,,,,,,,,,,,,,,
-0.562497,1.51799,-1.67627,,,,,,,,,,,,,,,,
-0.0851785,1.50899,-1.346,,,,,,,,,,,,,,,,
0.24557,1.50439,-1.10703,,,,,,,,,,,,,,,,
0.593644,1.51129,-0.847828,,,,,,,,,,,,,,,,
1.23005,1.5243,-0.345313,,,,,,,,,,,,,,,,
2.88887,1.52031,1.16567,,,,,,,,,,,,,,,,
-2.76164,1.4268,1.59249,,,,,,,,,,,,,,,,
-2.6363,1.34727,1.49649,,,,,,,,,,,,,,,,
-2.40439,1.31195,1.50873,,,,,,,,,,,,,,,,
-2.17281,1.30141,1.58913,,,,,,,,,,,,,,,,
-2.05885,1.29212,1.60672,,,,,,,,,,,,,,,,
-2.02957,1.30691,1.49977,,,,,,,,,,,,,,,,
-2.04886,1.32125,1.38246,,,,,,,,,,,,,,,,
-2.12351,1.33674,1.26139,,,,,,,,,,,,,,,,
-2.21846,1.36194,1.08322,,,,,,,,,,,,,,,,
-2.28867,1.37014,0.942695,,,,,,,,,,,,,,,,
-2.4657,1.36181,0.647038,,,,,,,,,,,,,,,,
-2.65938,1.34573,0.310169,,,,,,,,,,,,,,,,
-2.7187,1.33784,0.192573,,,,,,,,,,,,,,,,
-2.79701,1.33435,0.0329502,,,,,,,,,,,,,,,,
-2.81744,1.33541,-0.0354723,,,,,,,,,,,,,,,,
-2.85508,1.34125,-0.100719,,,,,,,,,,,,,,,,
-2.89075,1.33924,-0.145898,,,,,,,,,,,,,,,,
-2.92148,1.33851,-0.158915,,,,,,,,,,,,,,,,
-2.93156,1.34134,-0.144773,,,,,,,,,,,,,,,,
-3.09406,1.3524,-0.0837226,,,,,,,,,,,,,,,,
-3.13747,1.35669,-0.0490426,,,,,,,,,,,,,,,,
3.10999,1.36207,-0.0252564,,,,,,,,,,,,,,,,
3.05644,1.39339,0.0758487,,,,,,,,,,,,,,,,
2.96868,1.39979,0.0997803,,,,,,,,,,,,,,,,
2.91066,1.39978,0.175945,,,,,,,,,,,,,,,,
2.86171,1.3878,0.235015,,,,,,,,,,,,,,,,
2.94312,1.40148,0.463824,,,,,,,,,,,,,,,,
3.04468,1.41104,0.699602,,,,,,,,,,,,,,,,
-2.99421,1.40696,1.06961,,,,,,,,,,,,,,,,
-2.85352,1.39641,1.3538,,,,,,,,,,,,,,,,
-2.81015,1.39328,1.51686,,,,,,,,,,,,,,,,
-2.79709,1.41255,1.68625,,,,,,,,,,,,,,,,
-2.8855,1.4631,1.77806,,,,,,,,,,,,,,,,
-3.02777,1.5002,1.74839,,,,,,,,,,,,,,,,
2.93985,1.52426,1.50332,,,,,,,,,,,,,,,,
2.39842,1.54358,1.03643,,,,,,,,,,,,,,,,
1.61617,1.53919,0.351616,,,,,,,,,,,,,,,,
1.17341,1.53463,-0.0118459,,,,,,,,,,,,,,,,
0.913752,1.52691,-0.200076,,,,,,,,,,,,,,,,
0.563002,1.50601,-0.413617,,,,,,,,,,,,,,,,
0.426371,1.48637,-0.412182,,,,,,,,,,,,,,,,
0.253237,1.48077,-0.388575,,,,,,,,,,,,,,,,
0.07886,1.49461,-0.336376,,,,,,,,,,,,,,,,
-0.164503,1.50192,-0.385425,,,,,,,,,,,,,,,,
-0.829289,1.50018,-0.907167,,,,,,,,,,,,,,,,
-1.11887,1.48006,-1.10225,,,,,,,,,,,,,,,,
-1.24219,1.44993,-1.12479,,,,,,,,,,,,,,,,
-1.2222,1.44623,-1.0405,,,,,,,,,,,,,,,,
-1.23658,1.45066,-1.00829,,,,,,,,,,,,,,,,
-1.32648,1.46515,-1.07185,,,,,,,,,,,,,,,,
-1.37006,1.47216,-1.11601,,,,,,,,,,,,,,,,
-1.4016,1.48675,-1.12076,,,,,,,,,,,,,,,,
-1.47073,1.50636,-1.12535,,,,,,,,,,,,,,,,
-1.81497,1.52391,-1.3419,,,,,,,,,,,,,,,,
-2.36261,1.52623,-1.65735,,,,,,,,,,,,,,,,
-2.76867,1.51149,-2.008,,,,,,,,,,,,,,,,
-3.09237,1.51414,-2.25781,,,,,,,,,,,,,,,,
-2.87757,1.53718,-1.95096,,,,,,,,,,,,,,,,
-1.28032,1.54397,-0.238282,,,,,,,,,,,,,,,,
-0.880901,1.52602,0.235995,,,,,,,,,,,,,,,,
-0.259588,1.51592,0.976499,,,,,,,,,,,,,,,,
0.181562,1.47149,1.47162,,,,,,,,,,,,,,,,
0.268184,1.4465,1.58199,,,,,,,,,,,,,,,,
0.119096,1.45929,1.4815,,,,,,,,,,,,,,,,
-0.28316,1.49412,1.11364,,,,,,,,,,,,,,,,
-1.02649,1.48988,0.385355,,,,,,,,,,,,,,,,
-1.40591,1.47057,0.0774016,,,,,,,,,,,,,,,,
-1.7115,1.45735,-0.155736,,,,,,,,,,,,,,,,
-1.99711,1.44619,-0.389857,,,,,,,,,,,,,,,,
-2.16397,1.40929,-0.460298,,,,,,,,,,,,,,,,
-2.21958,1.38638,-0.46337,,,,,,,,,,,,,,,,
-2.28932,1.35355,-0.448453,,,,,,,,,,,,,,,,
-2.33279,1.34623,-0.447728,,,,,,,,,,,,,,,,
-2.46268,1.323,-0.52061,,,,,,,,,,,,,,,,
-2.62233,1.30046,-0.55524,,,,,,,,,,,,,,,,
-2.67674,1.31015,-0.515834,,,,,,,,,,,,,,,,
-2.68785,1.32132,-0.447043,,,,,,,,,,,,,,,,
-2.69519,1.34121,-0.341642,,,,,,,,,,,,,,,,
-2.68919,1.35887,-0.222515,,,,,,,,,,,,,,,,
-2.57141,1.40106,0.0940364,,,,,,,,,,,,,,,,
-2.55641,1.40459,0.166008,,,,,,,,,,,,,,,,
-2.54605,1.40333,0.206776,,,,,,,,,,,,,,,,
-2.57171,1.38382,0.234461,,,,,,,,,,,,,,,,
-2.69542,1.36631,0.184824,,,,,,,,,,,,,,,,
-2.86883,1.37247,0.0601878,,,,,,,,,,,,,,,,
-2.96334,1.38432,-0.0212658,,,,,,,,,,,,,,,,
-2.99041,1.39622,-0.0558683,,,,,,,,,,,,,,,,
-2.96029,1.40514,-0.0447603,,,,,,,,,,,,,,,,
-2.83765,1.41774,0.0369074,,,,,,,,,,,,,,,,
-2.65714,1.42362,0.150967,,,,,,,,,,,,,,,,
-2.39673,1.43239,0.287057,,,,,,,,,,,,,,,,
-2.1489,1.44455,0.395898,,,,,,,,,,,,,,,,
-1.9881,1.45174,0.446612,,,,,,,,,,,,,,,,
-1.69873,1.45696,0.586509,,,,,,,,,,,,,,,,
-1.49652,1.45368,0.671001,,,,,,,,,,,,,,,,
-1.37514,1.44234,0.642461,,,,,,,,,,,,,,,,
-1.31686,1.43041,0.564633,,,,,,,,,,,,,,,,
-1.22452,1.42389,0.486747,,,,,,,,,,,,,,,,
-1.18899,1.4273,0.43178,,,,,,,,,,,,,,,,
-1.09897,1.42735,0.413309,,,,,,,,,,,,,,,,
-0.921425,1.43815,0.466699,,,,,,,,,,,,,,,,
-0.88545,1.43858,0.39251,,,,,,,,,,,,,,,,
-0.830436,1.43958,0.299702,,,,,,,,,,,,,,,,
-0.676424,1.43339,0.311426,,,,,,,,,,,,,,,,
-0.671523,1.43158,0.186604,,,,,,,,,,,,,,,,
-0.626077,1.42955,0.117807,,,,,,,,,,,,,,,,
-0.748479,1.43796,-0.139761,,,,,,,,,,,,,,,,
-0.976733,1.45102,-0.470252,,,,,,,,,,,,,,,,
-1.15318,1.47486,-0.758434,,,,,,,,,,,,,,,,
-1.6697,1.50319,-1.49024,,,,,,,,,,,,,,,,
-1.68017,1.50822,-1.52951,,,,,,,,,,,,,,,,
-1.65674,1.51192,-1.53625,,,,,,,,,,,,,,,,
-1.7882,1.51565,-1.68356,,,,,,,,,,,,,,,,
-1.8332,1.52146,-1.75417,,,,,,,,,,,,,,,,
-1.88396,1.55792,-1.86865,,,,,,,,,,,,,,,,
1.46866,1.55183,1.44325,,,,,,,,,,,,,,,,
1.35969,1.52965,1.31469,,,,,,,,,,,,,,,,
1.20875,1.52371,1.14965,,,,,,,,,,,,,,,,
1.16961,1.52967,1.09218,,,,,,,,,,,,,,,,
1.24163,1.54006,1.13518,,,,,,,,,,,,,,,,
1.05236,1.5419,0.928338,,,,,,,,,,,,,,,,
1.0284,1.53599,0.891258,,,,,,,,,,,,,,,,
1.19689,1.53794,1.05958,,,,,,,,,,,,,,,,
1.44165,1.53912,1.30112,,,,,,,,,,,,,,,,
1.59702,1.54012,1.4537,,,,,,,,,,,,,,,,
1.55973,1.54013,1.41338,,,,,,,,,,,,,,,,
1.44731,1.54479,1.30159,,,,,,,,,,,,,,,,
1.3907,1.54985,1.2477,,,,,,,,,,,,,,,,
1.40363,1.55257,1.26326,,,,,,,,,,,,,,,,
1.53626,1.55255,1.39594,,,,,,,,,,,,,,,,
1.575,1.5506,1.43652,,,,,,,,,,,,,,,,
1.58364,1.55155,1.44285,,,,,,,,,,,,,,,,
1.62008,1.55394,1.48095,,,,,,,,,,,,,,,,
1.72479,1.55657,1.58757,,,,,,,,,,,,,,,,
1.71251,1.55972,1.58239,,,,,,,,,,,,,,,,
1.65727,1.56256,1.53012,,,,,,,,,,,,,,,,
1.55325,1.5653,1.4271,,,,,,,,,,,,,,,,
1.64936,1.56734,1.5254,,,,,,,,,,,,,,,,
-1.28524,1.56905,-1.40845,,,,,,,,,,,,,,,,
-1.85298,1.56287,-1.97354,,,,,,,,,,,,,,,,
-1.84761,1.56225,-1.96692,,,,,,,,,,,,,,,,
-1.83264,1.56133,-1.95092,,,,,,,,,,,,,,,,
-1.79244,1.56011,-1.90698,,,,,,,,,,,,,,,,
-1.84045,1.5592,-1.9528,,,,,,,,,,,,,,,,
-1.87011,1.55759,-1.98255,,,,,,,,,,,,,,,,
-1.847,1.55806,-1.95979,,,,,,,,,,,,,,,,
-1.84604,1.55721,-1.95877,,,,,,,,,,,,,,,,
-1.95939,1.55539,-2.07255,,,,,,,,,,,,,,,,
-2.09371,1.55372,-2.20274,,,,,,,,,,,,,,,,
-2.23785,1.55166,-2.33854,,,,,,,,,,,,,,,,
-2.38458,1.54847,-2.48037,,,,,,,,,,,,,,,,
-2.58057,1.54041,-2.66979,,,,,,,,,,,,,,,,
-2.7164,1.53331,-2.80148,,,,,,,,,,,,,,,,
-2.85382,1.52895,-2.9339,,,,,,,,,,,,,,,,
-2.9361,1.52798,-3.013,,,,,,,,,,,,,,,,
-2.95759,1.52731,-3.03653,,,,,,,,,,,,,,,,
-3.00878,1.52635,-3.08485,,,,,,,,,,,,,,,,
-3.03355,1.52424,-3.10659,,,,,,,,,,,,,,,,
-3.06121,1.5231,-3.13036,,,,,,,,,,,,,,,,
-3.06849,1.52027,-3.13799,,,,,,,,,,,,,,,,
-3.09833,1.51748,3.11594,,,,,,,,,,,,,,,,
-3.12202,1.51562,3.09342,,,,,,,,,,,,,,,,
-3.12885,1.51472,3.08535,,,,,,,,,,,,,,,,
-3.12465,1.51357,3.09026,,,,,,,,,,,,,,,,
-3.12004,1.51235,3.0973,,,,,,,,,,,,,,,,
-3.09269,1.512,3.12476,,,,,,,,,,,,,,,,
-3.08617,1.5111,3.13156,,,,,,,,,,,,,,,,
-3.08964,1.51005,3.12905,,,,,,,,,,,,,,,,
-3.1074,1.50927,3.11168,,,,,,,,,,,,,,,,
-3.09805,1.50786,3.12446,,,,,,,,,,,,,,,,
-3.10056,1.50742,3.12259,,,,,,,,,,,,,,,,
-3.10519,1.50681,3.11883,,,,,,,,,,,,,,,,
-3.11094,1.50601,3.11249,,,,,,,,,,,,,,,,
-3.12847,1.50547,3.09548,,,,,,,,,,,,,,,,
-3.13035,1.50564,3.0929,,,,,,,,,,,,,,,,
-3.13341,1.50467,3.09112,,,,,,,,,,,,,,,,
-3.13866,1.50476,3.08643,,,,,,,,,,,,,,,,
-3.135,1.5045,3.09096,,,,,,,,,,,,,,,,
-3.11922,1.50461,3.10719,,,,,,,,,,,,,,,,
-3.11876,1.5039,3.10781,,,,,,,,,,,,,,,,
-3.13039,1.50362,3.0952,,,,,,,,,,,,,,,,
-3.12693,1.50406,3.09852,,,,,,,,,,,,,,,,
-3.13195,1.50397,3.09308,,,,,,,,,,,,,,,,
-3.1355,1.50317,3.0906,,,,,,,,,,,,,,,,
-3.13135,1.50273,3.0948,,,,,,,,,,,,,,,,
-3.13274,1.50238,3.09386,,,,,,,,,,,,,,,,
-3.12094,1.50337,3.10578,,,,,,,,,,,,,,,,
-3.11993,1.50372,3.10721,,,,,,,,,,,,,,,,
-3.12102,1.50346,3.10619,,,,,,,,,,,,,,,,
-3.12867,1.50354,3.09811,,,,,,,,,,,,,,,,
-3.12366,1.50425,3.10204,,,,,,,,,,,,,,,,
-3.12862,1.50459,3.09621,,,,,,,,,,,,,,,,
-3.13225,1.50432,3.09269,,,,,,,,,,,,,,,,
-3.1279,1.50371,3.09712,,,,,,,,,,,,,,,,
-3.12758,1.5038,3.09811,,,,,,,,,,,,,,,,
-3.12371,1.50433,3.10146,,,,,,,,,,,,,,,,
-3.12913,1.50468,3.09603,,,,,,,,,,,,,,,,
-3.12106,1.50664,3.10423,,,,,,,,,,,,,,,,
-3.11855,1.5062,3.10715,,,,,,,,,,,,,,,,
-3.11253,1.50488,3.11492,,,,,,,,,,,,,,,,
-3.10852,1.50461,3.11894,,,,,,,,,,,,,,,,
-3.11019,1.50453,3.11715,,,,,,,,,,,,,,,,
-3.11114,1.5055,3.11632,,,,,,,,,,,,,,,,
-3.10824,1.50665,3.11876,,,,,,,,,,,,,,,,
-3.1022,1.50595,3.12608,,,,,,,,,,,,,,,,
-3.10851,1.50542,3.12048,,,,,,,,,,,,,,,,
-3.10521,1.5048,3.12456,,,,,,,,,,,,,,,,
-3.10215,1.50471,3.12725,,,,,,,,,,,,,,,,
-3.08928,1.50478,3.14044,,,,,,,,,,,,,,,,
-3.09552,1.504,3.13447,,,,,,,,,,,,,,,,
-3.09031,1.50354,3.1392,,,,,,,,,,,,,,,,
-3.08913,1.50398,3.14027,,,,,,,,,,,,,,,,
-3.08825,1.50381,3.14151,,,,,,,,,,,,,,,,
-3.0841,1.5046,-3.13759,,,,,,,,,,,,,,,,
-3.08278,1.50398,-3.13512,,,,,,,,,,,,,,,,
-3.08194,1.50398,-3.13395,,,,,,,,,,,,,,,,
-3.08617,1.50398,-3.13881,,,,,,,,,,,,,,,,
-3.09031,1.50345,3.13973,,,,,,,,,,,,,,,,
-3.09359,1.5031,3.13623,,,,,,,,,,,,,,,,
-3.09437,1.50293,3.13516,,,,,,,,,,,,,,,,
-3.0977,1.50284,3.13207,,,,,,,,,,,,,,,,
-3.09106,1.50293,3.13979,,,,,,,,,,,,,,,,
-3.08105,1.50291,-3.13249,,,,,,,,,,,,,,,,
-3.08309,1.50221,-3.13418,,,,,,,,,,,,,,,,
-3.07976,1.50193,-3.13101,,,,,,,,,,,,,,,,
-3.08764,1.50239,-3.13956,,,,,,,,,,,,,,,,
-3.08849,1.50248,-3.14025,,,,,,,,,,,,,,,,
-3.08644,1.50239,-3.13685,,,,,,,,,,,,,,,,
-3.08392,1.50203,-3.13428,,,,,,,,,,,,,,,,
-3.07187,1.50307,-3.12177,,,,,,,,,,,,,,,,
-3.07108,1.50271,-3.12057,,,,,,,,,,,,,,,,
-3.06986,1.50253,-3.11882,,,,,,,,,,,,,,,,
-3.06693,1.5027,-3.11579,,,,,,,,,,,,,,,,
-3.06453,1.50225,-3.11282,,,,,,,,,,,,,,,,
-3.05864,1.50258,-3.10674,,,,,,,,,,,,,,,,
-3.052,1.50256,-3.09951,,,,,,,,,,,,,,,,
-3.04942,1.50183,-3.09663,,,,,,,,,,,,,,,,
-3.04084,1.50241,-3.08847,,,,,,,,,,,,,,,,
-3.03493,1.50256,-3.08234,,,,,,,,,,,,,,,,
-3.03174,1.50236,-3.07882,,,,,,,,,,,,,,,,
-3.02333,1.50303,-3.06947,,,,,,,,,,,,,,,,
-3.01732,1.50316,-3.06323,,,,,,,,,,,,,,,,
-3.01491,1.50306,-3.06033,,,,,,,,,,,,,,,,
-3.01147,1.50312,-3.05712,,,,,,,,,,,,,,,,
-3.01139,1.50321,-3.05655,,,,,,,,,,,,,,,,
-3.0076,1.50399,-3.05332,,,,,,,,,,,,,,,,
-3.01573,1.50351,-3.06123,,,,,,,,,,,,,,,,
-3.0076,1.50399,-3.05332,,,,,,,,,,,,,,,,
-3.01372,1.50341,-3.05889,,,,,,,,,,,,,,,,
-3.01842,1.50335,-3.06384,,,,,,,,,,,,,,,,
-3.01355,1.50358,-3.05875,,,,,,,,,,,,,,,,
-3.01649,1.50361,-3.06183,,,,,,,,,,,,,,,,
-3.00328,1.50404,-3.04787,,,,,,,,,,,,,,,,
-2.99354,1.50334,-3.03745,,,,,,,,,,,,,,,,
-2.99805,1.50311,-3.04202,,,,,,,,,,,,,,,,
-3.00023,1.50339,-3.04473,,,,,,,,,,,,,,,,
-3.00275,1.50341,-3.04722,,,,,,,,,,,,,,,,
-3.00902,1.50346,-3.05392,,,,,,,,,,,,,,,,
-3.00642,1.50353,-3.05086,,,,,,,,,,,,,,,,
-3.00713,1.50327,-3.05117,,,,,,,,,,,,,,,,
-3.00735,1.50345,-3.05159,,,,,,,,,,,,,,,,
-3.00264,1.50386,-3.04687,,,,,,,,,,,,,,,,
-3.01239,1.50349,-3.05656,,,,,,,,,,,,,,,,
-3.01403,1.50439,-3.05836,,,,,,,,,,,,,,,,
-3.0176,1.50558,-3.06247,,,,,,,,,,,,,,,,
-3.0259,1.50607,-3.07059,,,,,,,,,,,,,,,,
-3.02496,1.50767,-3.07017,,,,,,,,,,,,,,,,
-3.0329,1.51092,-3.07954,,,,,,,,,,,,,,,,
-3.04309,1.51763,-3.09152,,,,,,,,,,,,,,,,
-3.03902,1.53235,-3.08964,,,,,,,,,,,,,,,,
-2.96877,1.56133,-3.01933,,,,,,,,,,,,,,,,
-0.0335408,1.53441,-0.0787703,,,,,,,,,,,,,,,,
0.00888005,1.4793,-0.0388228,,,,,,,,,,,,,,,,
0.0491742,1.4014,0.00897933,,,,,,,,,,,,,,,,
0.0469072,1.33136,0.0217045,,,,,,,,,,,,,,,,
0.0111865,1.21219,-0.00746166,,,,,,,,,,,,,,,,
-0.0209478,1.10127,-0.0306247,,,,,,,,,,,,,,,,
-0.0240261,1.01439,-0.0573754,,,,,,,,,,,,,,,,
-0.0356259,0.882243,-0.0639253,,,,,,,,,,,,,,,,
-0.0548156,0.77039,-0.0652597,,,,,,,,,,,,,,,,
-0.0747522,0.640453,-0.0759373,,,,,,,,,,,,,,,,
-0.0719509,0.516251,-0.09505,,,,,,,,,,,,,,,,
-0.0692082,0.431254,-0.10634,,,,,,,,,,,,,,,,
-0.0543223,0.309698,-0.124321,,,,,,,,,,,,,,,,
-0.0402273,0.169146,-0.142968,,,,,,,,,,,,,,,,
-0.0225283,0.0923082,-0.155149,,,,,,,,,,,,,,,,
-0.00815053,-0.0164278,-0.173562,,,,,,,,,,,,,,,,
0.00347322,-0.101983,-0.193495,,,,,,,,,,,,,,,,
0.0243893,-0.219484,-0.213456,,,,,,,,,,,,,,,,
-0.0975896,-0.528402,-0.154441,,,,,,,,,,,,,,,,
-0.158424,-0.617832,-0.120596,,,,,,,,,,,,,,,,
-0.172473,-0.644715,-0.110857,,,,,,,,,,,,,,,,
-0.197187,-0.761789,-0.0803234,,,,,,,,,,,,,,,,
-0.179934,-0.879338,-0.072125,,,,,,,,,,,,,,,,
-0.138715,-0.969317,-0.0893252,,,,,,,,,,,,,,,,
-0.0705197,-1.06707,-0.127229,,,,,,,,,,,,,,,,
0.0186523,-1.16403,-0.18029,,,,,,,,,,,,,,,,
0.0828899,-1.24587,-0.225477,,,,,,,,,,,,,,,,
0.216621,-1.34922,-0.32568,,,,,,,,,,,,,,,,
0.41327,-1.42747,-0.4836,,,,,,,,,,,,,,,,
1.34556,-1.51022,-1.3733,,,,,,,,,,,,,,,,
2.36691,-1.48191,-2.37232,,,,,,,,,,,,,,,,
2.6805,-1.39838,-2.66059,,,,,,,,,,,,,,,,
2.74619,-1.30826,-2.69473,,,,,,,,,,,,,,,,
2.75972,-1.25146,-2.68225,,,,,,,,,,,,,,,,
2.77074,-1.20104,-2.65801,,,,,,,,,,,,,,,,
2.76617,-1.17791,-2.64799,,,,,,,,,,,,,,,,
2.75697,-1.16386,-2.65479,,,,,,,,,,,,,,,,
2.76078,-1.16514,-2.66943,,,,,,,,,,,,,,,,
2.76454,-1.16997,-2.68069,,,,,,,,,,,,,,,,
2.76759,-1.17524,-2.68924,,,,,,,,,,,,,,,,
2.77468,-1.17611,-2.69594,,,,,,,,,,,,,,,,
2.77406,-1.17696,-2.69432,,,,,,,,,,,,,,,,
2.77274,-1.18056,-2.69267,,,,,,,,,,,,,,,,
2.77286,-1.18993,-2.69637,,,,,,,,,,,,,,,,
2.74538,-1.20113,-2.67926,,,,,,,,,,,,,,,,
2.71344,-1.21444,-2.6511,,,,,,,,,,,,,,,,
2.67017,-1.23572,-2.60859,,,,,,,,,,,,,,,,
2.59543,-1.26306,-2.53862,,,,,,,,,,,,,,,,
2.30672,-1.3296,-2.27916,,,,,,,,,,,,,,,,
2.20608,-1.35108,-2.19043,,,,,,,,,,,,,,,,
1.95582,-1.39578,-1.96352,,,,,,,,,,,,,,,,
1.4984,-1.43351,-1.53191,,,,,,,,,,,,,,,,
0.799384,-1.42909,-0.863645,,,,,,,,,,,,,,,,
0.351628,-1.37511,-0.444734,,,,,,,,,,,,,,,,
0.113622,-1.28169,-0.23887,,,,,,,,,,,,,,,,
0.0293444,-1.18487,-0.175268,,,,,,,,,,,,,,,,
-0.00649181,-1.04657,-0.164485,,,,,,,,,,,,,,,,
-0.0445483,-0.901941,-0.152284,,,,,,,,,,,,,,,,
-0.076233,-0.782453,-0.145966,,,,,,,,,,,,,,,,
-0.0943316,-0.644596,-0.145795,,,,,,,,,,,,,,,,
-0.113112,-0.537619,-0.136683,,,,,,,,,,,,,,,,
-0.137358,-0.404376,-0.118828,,,,,,,,,,,,,,,,
-0.150936,-0.286904,-0.109834,,,,,,,,,,,,,,,,
-0.172678,-0.157463,-0.101561,,,,,,,,,,,,,,,,
-0.194576,-0.0329312,-0.114583,,,,,,,,,,,,,,,,
-0.220843,0.0645359,-0.125271,,,,,,,,,,,,,,,,
-0.240776,0.181814,-0.140443,,,,,,,,,,,,,,,,
-0.263736,0.323135,-0.14081,,,,,,,,,,,,,,,,
-0.25814,0.441297,-0.142074,,,,,,,,,,,,,,,,
-0.261802,0.57749,-0.153166,,,,,,,,,,,,,,,,
-0.291626,0.738194,-0.192885,,,,,,,,,,,,,,,,
-0.317957,0.82187,-0.217817,,,,,,,,,,,,,,,,
-0.372903,0.952381,-0.282318,,,,,,,,,,,,,,,,
-0.441928,1.06572,-0.375026,,,,,,,,,,,,,,,,
-0.628832,1.20028,-0.568972,,,,,,,,,,,,,,,,
-0.989136,1.31614,-0.932914,,,,,,,,,,,,,,,,
-1.53811,1.36698,-1.49092,,,,,,,,,,,,,,,,
-2.03693,1.36034,-2.0054,,,,,,,,,,,,,,,,
-2.71354,1.22467,-2.69241,,,,,,,,,,,,,,,,
-2.7723,1.19347,-2.75257,,,,,,,,,,,,,,,,
-2.86274,1.135,-2.85018,,,,,,,,,,,,,,,,
-2.94275,1.04035,-2.93166,,,,,,,,,,,,,,,,
-2.99508,0.959944,-2.9689,,,,,,,,,,,,,,,,
-3.03197,0.847532,-2.98838,,,,,,,,,,,,,,,,
-3.04119,0.763338,-2.9968,,,,,,,,,,,,,,,,
-3.03957,0.661109,-3.00224,,,,,,,,,,,,,,,,
-3.05166,0.581231,-3.00986,,,,,,,,,,,,,,,,
-3.05454,0.469566,-3.0194,,,,,,,,,,,,,,,,
-3.06747,0.363524,-3.04605,,,,,,,,,,,,,,,,
-3.08009,0.28833,-3.07392,,,,,,,,,,,,,,,,
-3.09553,0.189848,-3.10911,,,,,,,,,,,,,,,,
-3.10448,0.117662,-3.12991,,,,,,,,,,,,,,,,
-3.10939,0.0290787,3.13595,,,,,,,,,,,,,,,,
-3.11859,-0.0403938,3.13228,,,,,,,,,,,,,,,,
-3.13074,-0.115866,3.13514,,,,,,,,,,,,,,,,
-3.12992,-0.207552,3.12936,,,,,,,,,,,,,,,,
-3.12981,-0.296043,3.12367,,,,,,,,,,,,,,,,
-3.11764,-0.414552,3.11065,,,,,,,,,,,,,,,,
-3.11107,-0.523401,3.09173,,,,,,,,,,,,,,,,
-3.10723,-0.621599,3.07771,,,,,,,,,,,,,,,,
-3.10201,-0.734447,3.05869,,,,,,,,,,,,,,,,
-3.09536,-0.809557,3.05273,,,,,,,,,,,,,,,,
-3.09908,-0.89758,3.06228,,,,,,,,,,,,,,,,
-3.10662,-0.990579,3.09328,,,,,,,,,,,,,,,,
-3.08509,-1.0757,3.11238,,,,,,,,,,,,,,,,
-3.07046,-1.14029,3.13207,,,,,,,,,,,,,,,,
-3.09759,-1.2235,-3.10062,,,,,,,,,,,,,,,,
-3.12446,-1.29446,-3.07072,,,,,,,,,,,,,,,,
2.86285,-1.44137,-2.82705,,,,,,,,,,,,,,,,
2.84116,-1.44723,-2.8176,,,,,,,,,,,,,,,,
2.84992,-1.44914,-2.83303,,,,,,,,,,,,,,,,
2.87697,-1.4537,-2.871,,,,,,,,,,,,,,,,
2.91309,-1.45956,-2.91305,,,,,,,,,,,,,,,,
2.88324,-1.46089,-2.88207,,,,,,,,,,,,,,,,
2.87507,-1.46027,-2.87173,,,,,,,,,,,,,,,,
2.90897,-1.45934,-2.905,,,,,,,,,,,,,,,,
2.96981,-1.45798,-2.96734,,,,,,,,,,,,,,,,
3.00553,-1.45297,-3.00463,,,,,,,,,,,,,,,,
3.02249,-1.44394,-3.02348,,,,,,,,,,,,,,,,
3.06202,-1.4363,-3.06276,,,,,,,,,,,,,,,,
3.10927,-1.42846,-3.11154,,,,,,,,,,,,,,,,
-3.10584,-1.41199,3.10224,,,,,,,,,,,,,,,,
-3.06514,-1.39546,3.05811,,,,,,,,,,,,,,,,
-3.03225,-1.38185,3.02208,,,,,,,,,,,,,,,,
-3.02288,-1.37616,3.01473,,,,,,,,,,,,,,,,
-3.04056,-1.37157,3.03347,,,,,,,,,,,,,,,,
-3.04851,-1.36612,3.04751,,,,,,,,,,,,,,,,
-3.06321,-1.35909,3.06571,,,,,,,,,,,,,,,,
-3.0621,-1.35335,3.06455,,,,,,,,,,,,,,,,
-3.05012,-1.33909,3.05003,,,,,,,,,,,,,,,,
-3.04902,-1.32251,3.04573,,,,,,,,,,,,,,,,
-3.04713,-1.29671,3.04102,,,,,,,,,,,,,,,,
-3.06793,-1.2463,3.05333,,,,,,,,,,,,,,,,
-3.07483,-1.21018,3.05247,,,,,,,,,,,,,,,,
-3.07993,-1.14628,3.03815,,,,,,,,,,,,,,,,
-3.07915,-1.09837,3.02724,,,,,,,,,,,,,,,,
-3.0935,-1.02655,3.03065,,,,,,,,,,,,,,,,
-3.12384,-0.923944,3.04681,,,,,,,,,,,,,,,,
3.11459,-0.719158,3.0793,,,,,,,,,,,,,,,,
3.11131,-0.667951,3.0808,,,,,,,,,,,,,,,,
3.10928,-0.651773,3.08163,,,,,,,,,,,,,,,,
3.10483,-0.615737,3.08274,,,,,,,,,,,,,,,,
3.10153,-0.520093,3.0794,,,,,,,,,,,,,,,,
3.099,-0.448569,3.06964,,,,,,,,,,,,,,,,
3.10092,-0.371295,3.05818,,,,,,,,,,,,,,,,
3.09582,-0.309827,3.05229,,,,,,,,,,,,,,,,
3.08563,-0.238403,3.04953,,,,,,,,,,,,,,,,
3.07207,-0.165411,3.04916,,,,,,,,,,,,,,,,
3.05952,-0.109132,3.04844,,,,,,,,,,,,,,,,
3.05146,-0.0298722,3.04273,,,,,,,,,,,,,,,,
3.04558,0.0425379,3.03791,,,,,,,,,,,,,,,,
3.04613,0.128519,3.02544,,,,,,,,,,,,,,,,
3.04589,0.211513,3.01877,,,,,,,,,,,,,,,,
3.0427,0.321486,3.01301,,,,,,,,,,,,,,,,
3.05127,0.417548,3.00389,,,,,,,,,,,,,,,,
3.05796,0.4917,3.00273,,,,,,,,,,,,,,,,
3.05757,0.579527,3.00179,,,,,,,,,,,,,,,,
3.05138,0.646787,2.99988,,,,,,,,,,,,,,,,
3.04951,0.7336,3.00239,,,,,,,,,,,,,,,,
3.04582,0.803209,3.00823,,,,,,,,,,,,,,,,
3.03271,0.902086,2.98932,,,,,,,,,,,,,,,,
3.01565,1.00925,2.96859,,,,,,,,,,,,,,,,
2.99982,1.10122,2.95258,,,,,,,,,,,,,,,,
3.02409,1.22861,2.98286,,,,,,,,,,,,,,,,
3.09176,1.34572,3.05783,,,,,,,,,,,,,,,,
-2.9635,1.4934,-2.9961,,,,,,,,,,,,,,,,
-0.337226,1.49085,-0.355034,,,,,,,,,,,,,,,,
-0.123803,1.36774,-0.137402,,,,,,,,,,,,,,,,
-0.0741584,1.1514,-0.0858082,,,,,,,,,,,,,,,,
-0.0792778,1.03692,-0.101839,,,,,,,,,,,,,,,,
-0.0855936,0.934197,-0.124222,,,,,,,,,,,,,,,,
-0.0868929,0.788046,-0.164669,,,,,,,,,,,,,,,,
-0.0875538,0.622369,-0.19595,,,,,,,,,,,,,,,,
-0.0806656,0.505362,-0.205343,,,,,,,,,,,,,,,,
-0.0814411,0.359743,-0.202265,,,,,,,,,,,,,,,,
-0.0782895,0.24931,-0.204474,,,,,,,,,,,,,,,,
-0.0785805,0.153611,-0.217785,,,,,,,,,,,,,,,,
-0.0713584,0.0115189,-0.24312,,,,,,,,,,,,,,,,
-0.0537132,-0.1186,-0.268898,,,,,,,,,,,,,,,,
-0.0178296,-0.221011,-0.281819,,,,,,,,,,,,,,,,
0.0208874,-0.342507,-0.29413,,,,,,,,,,,,,,,,
0.0337074,-0.445188,-0.298069,,,,,,,,,,,,,,,,
0.0453,-0.575193,-0.305036,,,,,,,,,,,,,,,,
0.0353129,-0.664867,-0.293422,,,,,,,,,,,,,,,,
0.0421714,-0.792184,-0.285494,,,,,,,,,,,,,,,,
0.06494,-0.889521,-0.288218,,,,,,,,,,,,,,,,
0.0895926,-0.98613,-0.294214,,,,,,,,,,,,,,,,
0.141664,-1.08559,-0.334835,,,,,,,,,,,,,,,,
0.213206,-1.16988,-0.395535,,,,,,,,,,,,,,,,
0.369831,-1.26361,-0.532504,,,,,,,,,,,,,,,,
0.560123,-1.33609,-0.705375,,,,,,,,,,,,,,,,
0.926837,-1.40249,-1.04617,,,,,,,,,,,,,,,,
1.40859,-1.43912,-1.51254,,,,,,,,,,,,,,,,
2.18901,-1.43266,-2.27063,,,,,,,,,,,,,,,,
2.66818,-1.36821,-2.71368,,,,,,,,,,,,,,,,
2.83207,-1.30881,-2.85392,,,,,,,,,,,,,,,,
2.94105,-1.22395,-2.91756,,,,,,,,,,,,,,,,
3.00427,-1.1452,-2.95365,,,,,,,,,,,,,,,,
3.09129,-1.0593,-3.03819,,,,,,,,,,,,,,,,
3.12134,-1.0388,-3.0736,,,,,,,,,,,,,,,,
-3.12123,-1.0042,-3.12746,,,,,,,,,,,,,,,,
-3.11007,-0.967637,3.13397,,,,,,,,,,,,,,,,
-3.13696,-0.944554,-3.11039,,,,,,,,,,,,,,,,
3.10185,-0.929958,-3.05525,,,,,,,,,,,,,,,,
3.07938,-0.911586,-3.03121,,,,,,,,,,,,,,,,
3.06475,-0.896201,-3.01681,,,,,,,,,,,,,,,,
3.05913,-0.893153,-3.01546,,,,,,,,,,,,,,,,
3.0539,-0.897662,-3.02072,,,,,,,,,,,,,,,,
3.04378,-0.907005,-3.01557,,,,,,,,,,,,,,,,
3.03796,-0.911173,-3.01361,,,,,,,,,,,,,,,,
3.02941,-0.921647,-3.00721,,,,,,,,,,,,,,,,
3.01168,-0.94008,-2.99379,,,,,,,,,,,,,,,,
2.98094,-0.971191,-2.96835,,,,,,,,,,,,,,,,
2.95113,-1.00514,-2.94314,,,,,,,,,,,,,,,,
2.91062,-1.05709,-2.917,,,,,,,,,,,,,,,,
2.83354,-1.12139,-2.86682,,,,,,,,,,,,,,,,
2.72807,-1.18276,-2.78605,,,,,,,,,,,,,,,,
2.5266,-1.25412,-2.61284,,,,,,,,,,,,,,,,
2.20749,-1.31409,-2.33146,,,,,,,,,,,,,,,,
1.61968,-1.33846,-1.78111,,,,,,,,,,,,,,,,
1.25004,-1.32674,-1.43832,,,,,,,,,,,,,,,,
0.90471,-1.29454,-1.12096,,,,,,,,,,,,,,,,
0.542816,-1.23274,-0.798424,,,,,,,,,,,,,,,,
0.318551,-1.15385,-0.609672,,,,,,,,,,,,,,,,
0.061052,-0.968328,-0.415528,,,,,,,,,,,,,,,,
-0.0116774,-0.874922,-0.367448,,,,,,,,,,,,,,,,
-0.0780315,-0.748844,-0.32566,,,,,,,,,,,,,,,,
-0.117971,-0.608053,-0.315985,,,,,,,,,,,,,,,,
-0.159418,-0.367119,-0.333433,,,,,,,,,,,,,,,,
-0.167235,-0.31058,-0.340492,,,,,,,,,,,,,,,,
-0.183474,-0.194699,-0.351276,,,,,,,,,,,,,,,,
-0.207239,-0.0363135,-0.356147,,,,,,,,,,,,,,,,
-0.221723,0.0874832,-0.359893,,,,,,,,,,,,,,,,
-0.23969,0.227172,-0.369619,,,,,,,,,,,,,,,,
-0.259985,0.334148,-0.376677,,,,,,,,,,,,,,,,
-0.276686,0.474059,-0.368315,,,,,,,,,,,,,,,,
-0.285255,0.609437,-0.351365,,,,,,,,,,,,,,,,
-0.294579,0.757867,-0.365694,,,,,,,,,,,,,,,,
-0.343068,0.909737,-0.412162,,,,,,,,,,,,,,,,
-0.42709,1.02855,-0.514309,,,,,,,,,,,,,,,,
-0.554034,1.15589,-0.671604,,,,,,,,,,,,,,,,
-0.694006,1.26478,-0.841304,,,,,,,,,,,,,,,,
-1.31971,1.39291,-1.49994,,,,,,,,,,,,,,,,
-2.40811,1.35333,-2.59931,,,,,,,,,,,,,,,,
-2.75296,1.24265,-2.94074,,,,,,,,,,,,,,,,
-2.92877,1.08907,-3.11129,,,,,,,,,,,,,,,,
-2.99533,0.939757,3.10236,,,,,,,,,,,,,,,,
-3.02259,0.813798,3.07939,,,,,,,,,,,,,,,,
-3.029,0.671413,3.07342,,,,,,,,,,,,,,,,
-3.0127,0.538213,3.06819,,,,,,,,,,,,,,,,
-3.00892,0.396285,3.06505,,,,,,,,,,,,,,,,
-3.02529,0.28544,3.04694,,,,,,,,,,,,,,,,
-3.06019,0.0865804,3.0046,,,,,,,,,,,,,,,,
-3.06762,0.00647466,2.9868,,,,,,,,,,,,,,,,
-3.07228,-0.123748,2.95995,,,,,,,,,,,,,,,,
-3.06409,-0.221059,2.94623,,,,,,,,,,,,,,,,
-3.05871,-0.348709,2.93861,,,,,,,,,,,,,,,,
-3.03417,-0.508128,2.93614,,,,,,,,,,,,,,,,
-2.97078,-0.831763,2.91744,,,,,,,,,,,,,,,,
-2.92349,-0.90301,2.88646,,,,,,,,,,,,,,,,
-2.90849,-0.923374,2.87606,,,,,,,,,,,,,,,,
-2.89071,-0.947883,2.86326,,,,,,,,,,,,,,,,
-2.81695,-1.04259,2.79576,,,,,,,,,,,,,,,,
-2.74662,-1.10408,2.71794,,,,,,,,,,,,,,,,
-2.66677,-1.176,2.62299,,,,,,,,,,,,,,,,
-2.61217,-1.24815,2.55593,,,,,,,,,,,,,,,,
-2.56802,-1.3414,2.50144,,,,,,,,,,,,,,,,
-2.48102,-1.41794,2.42196,,,,,,,,,,,,,,,,
-2.45641,-1.44935,2.40498,,,,,,,,,,,,,,,,
-2.40545,-1.47449,2.36522,,,,,,,,,,,,,,,,
-2.29047,-1.49353,2.26178,,,,,,,,,,,,,,,,
-2.03686,-1.52108,2.01646,,,,,,,,,,,,,,,,
-1.6424,-1.53241,1.63325,,,,,,,,,,,,,,,,
-1.46879,-1.53615,1.4636,,,,,,,,,,,,,,,,
-1.32162,-1.53519,1.31792,,,,,,,,,,,,,,,,
-1.29602,-1.53608,1.28947,,,,,,,,,,,,,,,,
-1.24822,-1.53534,1.23872,,,,,,,,,,,,,,,,
-1.19125,-1.53485,1.1796,,,,,,,,,,,,,,,,
-1.23883,-1.53487,1.22486,,,,,,,,,,,,,,,,
-1.22807,-1.53308,1.21519,,,,,,,,,,,,,,,,
-1.22924,-1.53278,1.21797,,,,,,,,,,,,,,,,
-1.31583,-1.5325,1.3051,,,,,,,,,,,,,,,,
-1.29402,-1.53027,1.28492,,,,,,,,,,,,,,,,
-1.24937,-1.52825,1.23964,,,,,,,,,,,,,,,,
-1.28807,-1.52701,1.27799,,,,,,,,,,,,,,,,
-1.36547,-1.52583,1.35385,,,,,,,,,,,,,,,,
-1.5968,-1.52118,1.58341,,,,,,,,,,,,,,,,
-2.01938,-1.50644,1.9976,,,,,,,,,,,,,,,,
-2.57227,-1.44294,2.52392,,,,,,,,,,,,,,,,
-2.72131,-1.39609,2.65397,,,,,,,,,,,,,,,,
-2.85764,-1.32536,2.76148,,,,,,,,,,,,,,,,
-2.96464,-1.22056,2.83682,,,,,,,,,,,,,,,,
-3.0184,-1.12484,2.87438,,,,,,,,,,,,,,,,
-3.08082,-1.00166,2.91745,,,,,,,,,,,,,,,,
3.13928,-0.869561,2.95635,,,,,,,,,,,,,,,,
3.11417,-0.765983,2.97078,,,,,,,,,,,,,,,,
3.09128,-0.615983,2.97966,,,,,,,,,,,,,,,,
3.06915,-0.484286,2.98616,,,,,,,,,,,,,,,,
3.04267,-0.32821,2.99156,,,,,,,,,,,,,,,,
3.02797,-0.1959,2.99111,,,,,,,,,,,,,,,,
3.02461,-0.0919272,2.9846,,,,,,,,,,,,,,,,
3.02319,0.0406653,2.97358,,,,,,,,,,,,,,,,
3.02752,0.144387,2.96508,,,,,,,,,,,,,,,,
3.03515,0.27107,2.96399,,,,,,,,,,,,,,,,
3.04051,0.378862,2.9722,,,,,,,,,,,,,,,,
3.03247,0.446374,2.96986,,,,,,,,,,,,,,,,
3.01653,0.522889,2.94285,,,,,,,,,,,,,,,,
2.9976,0.591307,2.90954,,,,,,,,,,,,,,,,
2.96716,0.69514,2.85527,,,,,,,,,,,,,,,,
2.9238,0.817732,2.79983,,,,,,,,,,,,,,,,
2.87099,0.922955,2.7551,,,,,,,,,,,,,,,,
2.81837,1.04885,2.70998,,,,,,,,,,,,,,,,
2.78422,1.14313,2.70015,,,,,,,,,,,,,,,,
2.76297,1.2439,2.69519,,,,,,,,,,,,,,,,
2.75636,1.3396,2.70619,,,,,,,,,,,,,,,,
2.74368,1.40246,2.69868,,,,,,,,,,,,,,,,
2.82795,1.4722,2.78472,,,,,,,,,,,,,,,,
3.08889,1.52443,3.05057,,,,,,,,,,,,,,,,
-0.983039,1.5384,-0.998738,,,,,,,,,,,,,,,,
-0.612547,1.51873,-0.617335,,,,,,,,,,,,,,,,
-0.237933,1.50217,-0.231419,,,,,,,,,,,,,,,,
0.0335984,1.48202,0.0453596,,,,,,,,,,,,,,,,
0.154406,1.48575,0.177894,,,,,,,,,,,,,,,,
0.317422,1.48526,0.355633,,,,,,,,,,,,,,,,
0.455572,1.48417,0.494993,,,,,,,,,,,,,,,,
0.543058,1.47888,0.581115,,,,,,,,,,,,,,,,
0.495748,1.47567,0.539736,,,,,,,,,,,,,,,,
0.391353,1.46602,0.44538,,,,,,,,,,,,,,,,
0.294489,1.45497,0.362062,,,,,,,,,,,,,,,,
0.276712,1.44677,0.35094,,,,,,,,,,,,,,,,
0.260218,1.43961,0.339534,,,,,,,,,,,,,,,,
0.270179,1.43629,0.348321,,,,,,,,,,,,,,,,
0.29063,1.4398,0.369178,,,,,,,,,,,,,,,,
0.30301,1.44518,0.379898,,,,,,,,,,,,,,,,
0.296185,1.45297,0.370742,,,,,,,,,,,,,,,,
0.229834,1.45469,0.306712,,,,,,,,,,,,,,,,
0.126922,1.4524,0.205501,,,,,,,,,,,,,,,,
0.085829,1.451,0.165287,,,,,,,,,,,,,,,,
0.0456776,1.45221,0.126953,,,,,,,,,,,,,,,,
0.0420326,1.45329,0.1226,,,,,,,,,,,,,,,,
0.0476473,1.45524,0.126014,,,,,,,,,,,,,,,,
0.0570435,1.45584,0.133514,,,,,,,,,,,,,,,,
0.0505254,1.45661,0.126736,,,,,,,,,,,,,,,,
0.056369,1.45707,0.130194,,,,,,,,,,,,,,,,
0.0623927,1.45744,0.134754,,,,,,,,,,,,,,,,
0.0660228,1.45784,0.140016,,,,,,,,,,,,,,,,
0.055848,1.45646,0.1307,,,,,,,,,,,,,,,,
0.0537134,1.45657,0.128521,,,,,,,,,,,,,,,,
0.0342196,1.45446,0.104139,,,,,,,,,,,,,,,,
0.0326434,1.4543,0.101199,,,,,,,,,,,,,,,,
0.0309994,1.45456,0.0973217,,,,,,,,,,,,,,,,
0.0239159,1.45715,0.0922629,,,,,,,,,,,,,,,,
0.0120881,1.45812,0.0850862,,,,,,,,,,,,,,,,
0.00324462,1.46062,0.0784245,,,,,,,,,,,,,,,,
-0.00362941,1.46214,0.0736559,,,,,,,,,,,,,,,,
-0.00177036,1.46362,0.0759672,,,,,,,,,,,,,,,,
0.00894434,1.46401,0.0860613,,,,,,,,,,,,,,,,
0.0186818,1.46465,0.0946425,,,,,,,,,,,,,,,,
0.0304934,1.46597,0.106738,,,,,,,,,,,,,,,,
0.0329051,1.46604,0.109216,,,,,,,,,,,,,,,,
0.0112072,1.466,0.08811,,,,,,,,,,,,,,,,
0.000538954,1.46579,0.0766087,,,,,,,,,,,,,,,,
0.00015913,1.46464,0.0738139,,,,,,,,,,,,,,,,
0.00782322,1.46443,0.0803366,,,,,,,,,,,,,,,,
0.0160948,1.46456,0.0886457,,,,,,,,,,,,,,,,
0.0213867,1.46637,0.0952472,,,,,,,,,,,,,,,,
0.0209005,1.46743,0.0965774,,,,,,,,,,,,,,,,
0.017583,1.46719,0.0935123,,,,,,,,,,,,,,,,
0.019043,1.46779,0.0941685,,,,,,,,,,,,,,,,
0.0348412,1.46794,0.108136,,,,,,,,,,,,,,,,
0.0486344,1.46862,0.121792,,,,,,,,,,,,,,,,
0.0445869,1.46866,0.120067,,,,,,,,,,,,,,,,
0.0420143,1.46895,0.118959,,,,,,,,,,,,,,,,
0.0371377,1.46925,0.114386,,,,,,,,,,,,,,,,
0.0316279,1.4686,0.110888,,,,,,,,,,,,,,,,
0.0314028,1.46923,0.11335,,,,,,,,,,,,,,,,
0.022337,1.46913,0.106483,,,,,,,,,,,,,,,,
0.0179534,1.46897,0.101041,,,,,,,,,,,,,,,,
0.0351277,1.4698,0.113333,,,,,,,,,,,,,,,,
0.0441327,1.47034,0.122068,,,,,,,,,,,,,,,,
0.0469137,1.47084,0.124614,,,,,,,,,,,,,,,,
0.046222,1.47102,0.123559,,,,,,,,,,,,,,,,
0.0528015,1.47166,0.130573,,,,,,,,,,,,,,,,
0.0610541,1.47255,0.138392,,,,,,,,,,,,,,,,
0.0813134,1.47382,0.15595,,,,,,,,,,,,,,,,
0.118715,1.47642,0.190115,,,,,,,,,,,,,,,,
0.126396,1.47648,0.197793,,,,,,,,,,,,,,,,
0.119015,1.47712,0.19144,,,,,,,,,,,,,,,,
0.106022,1.4773,0.179838,,,,,,,,,,,,,,,,
0.0994759,1.47712,0.173855,,,,,,,,,,,,,,,,
0.0937244,1.47579,0.167431,,,,,,,,,,,,,,,,
0.102638,1.47602,0.174535,,,,,,,,,,,,,,,,
0.11355,1.47649,0.184104,,,,,,,,,,,,,,,,
0.118708,1.47792,0.187153,,,,,,,,,,,,,,,,
0.124548,1.47881,0.191759,,,,,,,,,,,,,,,,
0.127254,1.47921,0.195507,,,,,,,,,,,,,,,,
0.117962,1.47837,0.185897,,,,,,,,,,,,,,,,
0.123032,1.47803,0.190666,,,,,,,,,,,,,,,,
0.133444,1.4793,0.200923,,,,,,,,,,,,,,,,
0.139094,1.48001,0.206784,,,,,,,,,,,,,,,,
0.131521,1.4803,0.200006,,,,,,,,,,,,,,,,
0.131373,1.48083,0.199554,,,,,,,,,,,,,,,,
0.11538,1.47965,0.183604,,,,,,,,,,,,,,,,
0.108204,1.47939,0.17605,,,,,,,,,,,,,,,,
0.109291,1.47911,0.176936,,,,,,,,,,,,,,,,
0.108443,1.48,0.176198,,,,,,,,,,,,,,,,
0.108107,1.4801,0.175682,,,,,,,,,,,,,,,,
0.102171,1.48017,0.169803,,,,,,,,,,,,,,,,
0.0970346,1.48014,0.164736,,,,,,,,,,,,,,,,
0.100934,1.47983,0.168122,,,,,,,,,,,,,,,,
0.102828,1.47981,0.169318,,,,,,,,,,,,,,,,
0.104318,1.48032,0.17055,,,,,,,,,,,,,,,,
0.0931168,1.47922,0.158582,,,,,,,,,,,,,,,,
0.0884059,1.4791,0.154115,,,,,,,,,,,,,,,,
0.0810117,1.479,0.14655,,,,,,,,,,,,,,,,
0.0762557,1.4794,0.142294,,,,,,,,,,,,,,,,
0.0761574,1.47861,0.141535,,,,,,,,,,,,,,,,
0.0796611,1.47822,0.14358,,,,,,,,,,,,,,,,
0.088248,1.47874,0.152433,,,,,,,,,,,,,,,,
0.0943485,1.47991,0.159006,,,,,,,,,,,,,,,,
0.0929061,1.4794,0.157829,,,,,,,,,,,,,,,,
0.0968705,1.4797,0.161925,,,,,,,,,,,,,,,,
0.102232,1.47867,0.167263,,,,,,,,,,,,,,,,
0.109051,1.47947,0.174156,,,,,,,,,,,,,,,,
0.111728,1.47978,0.176753,,,,,,,,,,,,,,,,
0.117187,1.48077,0.181535,,,,,,,,,,,,,,,,
0.126359,1.48162,0.189731,,,,,,,,,,,,,,,,
0.108302,1.4815,0.171635,,,,,,,,,,,,,,,,
0.054646,1.48037,0.11724,,,,,,,,,,,,,,,,
-0.128895,1.47799,-0.066761,,,,,,,,,,,,,,,,
-0.511759,1.47188,-0.452066,,,,,,,,,,,,,,,,
-1.00651,1.43098,-0.949344,,,,,,,,,,,,,,,,
-1.21693,1.36481,-1.16173,,,,,,,,,,,,,,,,
-1.31934,1.25513,-1.27033,,,,,,,,,,,,,,,,
-1.42488,1.13426,-1.37297,,,,,,,,,,,,,,,,
-1.493,1.0128,-1.44868,,,,,,,,,,,,,,,,
-1.52748,0.853331,-1.49721,,,,,,,,,,,,,,,,
-1.53865,0.732557,-1.53432,,,,,,,,,,,,,,,,
-1.54016,0.510062,-1.56101,,,,,,,,,,,,,,,,
-1.55374,0.440564,-1.57681,,,,,,,,,,,,,,,,
-1.5784,0.317684,-1.58835,,,,,,,,,,,,,,,,
-1.59773,0.206821,-1.59444,,,,,,,,,,,,,,,,
-1.6048,0.0701249,-1.59867,,,,,,,,,,,,,,,,
-1.60543,-0.0750076,-1.60082,,,,,,,,,,,,,,,,
-1.60693,-0.19303,-1.60497,,,,,,,,,,,,,,,,
-1.59249,-0.330506,-1.62035,,,,,,,,,,,,,,,,
-1.57257,-0.423192,-1.64593,,,,,,,,,,,,,,,,
-1.55028,-0.53518,-1.6857,,,,,,,,,,,,,,,,
-1.52288,-0.613904,-1.7277,,,,,,,,,,,,,,,,
-1.47833,-0.728536,-1.79263,,,,,,,,,,,,,,,,
-1.42626,-0.831118,-1.85565,,,,,,,,,,,,,,,,
-1.2989,-0.971148,-1.99252,,,,,,,,,,,,,,,,
-1.1393,-1.10245,-2.16587,,,,,,,,,,,,,,,,
-0.964345,-1.19163,-2.33951,,,,,,,,,,,,,,,,
-0.701428,-1.26946,-2.59816,,,,,,,,,,,,,,,,
-0.319819,-1.32107,-2.98202,,,,,,,,,,,,,,,,
0.0571181,-1.323,2.92128,,,,,,,,,,,,,,,,
0.379188,-1.29154,2.59898,,,,,,,,,,,,,,,,
0.664484,-1.22204,2.31367,,,,,,,,,,,,,,,,
0.773619,-1.16504,2.20176,,,,,,,,,,,,,,,,
0.841169,-1.11449,2.12802,,,,,,,,,,,,,,,,
0.941525,-1.03326,2.01475,,,,,,,,,,,,,,,,
0.975336,-0.992961,1.96944,,,,,,,,,,,,,,,,
1.00109,-0.939616,1.93045,,,,,,,,,,,,,,,,
1.00357,-0.91681,1.92304,,,,,,,,,,,,,,,,
1.00423,-0.91492,1.92056,,,,,,,,,,,,,,,,
1.00291,-0.91724,1.92345,,,,,,,,,,,,,,,,
1.00284,-0.917686,1.92285,,,,,,,,,,,,,,,,
1.00681,-0.921485,1.92114,,,,,,,,,,,,,,,,
1.00397,-0.926385,1.92585,,,,,,,,,,,,,,,,
0.998407,-0.936951,1.93376,,,,,,,,,,,,,,,,
0.995861,-0.950446,1.93795,,,,,,,,,,,,,,,,
0.989889,-0.971476,1.94808,,,,,,,,,,,,,,,,
0.982107,-0.992811,1.95757,,,,,,,,,,,,,,,,
0.96031,-1.03419,1.98581,,,,,,,,,,,,,,,,
0.933122,-1.08621,2.02231,,,,,,,,,,,,,,,,
0.888895,-1.16605,2.07357,,,,,,,,,,,,,,,,
0.793107,-1.25441,2.17705,,,,,,,,,,,,,,,,
0.637674,-1.31842,2.34093,,,,,,,,,,,,,,,,
0.17265,-1.38788,2.81905,,,,,,,,,,,,,,,,
-0.253133,-1.39873,-3.0257,,,,,,,,,,,,,,,,
-0.712125,-1.37434,-2.55211,,,,,,,,,,,,,,,,
-1.08643,-1.2908,-2.14962,,,,,,,,,,,,,,,,
-1.29877,-1.17968,-1.91273,,,,,,,,,,,,,,,,
-1.38495,-1.07993,-1.80536,,,,,,,,,,,,,,,,
-1.42555,-0.96934,-1.74446,,,,,,,,,,,,,,,,
-1.46613,-0.838578,-1.69349,,,,,,,,,,,,,,,,
-1.48804,-0.695641,-1.65779,,,,,,,,,,,,,,,,
-1.51747,-0.541117,-1.61796,,,,,,,,,,,,,,,,
-1.52177,-0.453029,-1.60035,,,,,,,,,,,,,,,,
-1.52573,-0.303561,-1.57584,,,,,,,,,,,,,,,,
-1.53472,-0.198151,-1.55941,,,,,,,,,,,,,,,,
-1.52159,-0.0712434,-1.55328,,,,,,,,,,,,,,,,
-1.50472,0.0715917,-1.54272,,,,,,,,,,,,,,,,
-1.49576,0.161768,-1.53701,,,,,,,,,,,,,,,,
-1.48196,0.282798,-1.52975,,,,,,,,,,,,,,,,
-1.46128,0.456828,-1.51159,,,,,,,,,,,,,,,,
-1.44911,0.603424,-1.48261,,,,,,,,,,,,,,,,
-1.49238,1.07968,-1.43808,,,,,,,,,,,,,,,,
-1.58829,1.20868,-1.48833,,,,,,,,,,,,,,,,
-1.6557,1.2945,-1.53531,,,,,,,,,,,,,,,,
-1.79522,1.41941,-1.6437,,,,,,,,,,,,,,,,
-2.66548,1.54637,-2.48501,,,,,,,,,,,,,,,,
1.5328,1.48231,1.7299,,,,,,,,,,,,,,,,
1.42545,1.34478,1.64412,,,,,,,,,,,,,,,,
1.40243,1.19437,1.63149,,,,,,,,,,,,,,,,
1.39841,1.08419,1.63071,,,,,,,,,,,,,,,,
1.3971,0.937337,1.63205,,,,,,,,,,,,,,,,
1.39603,0.823941,1.62795,,,,,,,,,,,,,,,,
1.39653,0.685223,1.62883,,,,,,,,,,,,,,,,
1.40462,0.557722,1.63958,,,,,,,,,,,,,,,,
1.41539,0.453987,1.66353,,,,,,,,,,,,,,,,
1.42724,0.340142,1.69035,,,,,,,,,,,,,,,,
1.43455,0.261101,1.70432,,,,,,,,,,,,,,,,
1.43714,0.14742,1.71901,,,,,,,,,,,,,,,,
1.4389,0.0419069,1.72429,,,,,,,,,,,,,,,,
1.44692,-0.0178734,1.71634,,,,,,,,,,,,,,,,
1.45413,-0.0825836,1.70683,,,,,,,,,,,,,,,,
1.45959,-0.125005,1.69637,,,,,,,,,,,,,,,,
1.46616,-0.188331,1.68865,,,,,,,,,,,,,,,,
1.47106,-0.241548,1.68563,,,,,,,,,,,,,,,,
1.48009,-0.292172,1.6809,,,,,,,,,,,,,,,,
1.48202,-0.349598,1.68761,,,,,,,,,,,,,,,,
1.488,-0.40039,1.68996,,,,,,,,,,,,,,,,
1.50309,-0.477404,1.68268,,,,,,,,,,,,,,,,
1.53257,-0.588426,1.66426,,,,,,,,,,,,,,,,
1.55246,-0.669513,1.65317,,,,,,,,,,,,,,,,
1.58163,-0.774712,1.64118,,,,,,,,,,,,,,,,
1.57791,-0.980249,1.67723,,,,,,,,,,,,,,,,
1.57088,-1.04557,1.69639,,,,,,,,,,,,,,,,
1.56623,-1.08786,1.70939,,,,,,,,,,,,,,,,
1.56533,-1.17785,1.73472,,,,,,,,,,,,,,,,
1.55987,-1.28021,1.76506,,,,,,,,,,,,,,,,
1.50276,-1.36347,1.83166,,,,,,,,,,,,,,,,
1.34104,-1.45563,2.00508,,,,,,,,,,,,,,,,
0.581707,-1.50464,2.7661,,,,,,,,,,,,,,,,
-0.0879215,-1.48743,-2.85407,,,,,,,,,,,,,,,,
-0.478611,-1.446,-2.4706,,,,,,,,,,,,,,,,
-0.66375,-1.41167,-2.28948,,,,,,,,,,,,,,,,
-0.853099,-1.38168,-2.10122,,,,,,,,,,,,,,,,
-0.946166,-1.35691,-2.01489,,,,,,,,,,,,,,,,
-1.00245,-1.34565,-1.9651,,,,,,,,,,,,,,,,
-1.03669,-1.33529,-1.93476,,,,,,,,,,,,,,,,
-1.06498,-1.33311,-1.90896,,,,,,,,,,,,,,,,
-1.07073,-1.33292,-1.90152,,,,,,,,,,,,,,,,
-1.06826,-1.33295,-1.90226,,,,,,,,,,,,,,,,
-1.07311,-1.33246,-1.9,,,,,,,,,,,,,,,,
-1.07544,-1.33888,-1.89988,,,,,,,,,,,,,,,,
-1.04863,-1.34974,-1.93493,,,,,,,,,,,,,,,,
-0.993715,-1.36807,-1.99448,,,,,,,,,,,,,,,,
-0.901135,-1.39087,-2.092,,,,,,,,,,,,,,,,
-0.690897,-1.41529,-2.31282,,,,,,,,,,,,,,,,
-0.219631,-1.43623,-2.79526,,,,,,,,,,,,,,,,
0.32848,-1.42072,2.92523,,,,,,,,,,,,,,,,
0.75854,-1.35526,2.48174,,,,,,,,,,,,,,,,
0.887527,-1.30327,2.34591,,,,,,,,,,,,,,,,
0.977773,-1.23972,2.24661,,,,,,,,,,,,,,,,
1.05757,-1.14954,2.15752,,,,,,,,,,,,,,,,
1.16176,-0.993307,2.05552,,,,,,,,,,,,,,,,
1.18031,-0.9619,2.03681,,,,,,,,,,,,,,,,
1.20832,-0.907636,2.00742,,,,,,,,,,,,,,,,
1.24827,-0.800588,1.95639,,,,,,,,,,,,,,,,
1.26591,-0.701091,1.92352,,,,,,,,,,,,,,,,
1.27963,-0.569185,1.8938,,,,,,,,,,,,,,,,
1.2854,-0.466558,1.88256,,,,,,,,,,,,,,,,
1.29469,-0.351826,1.87571,,,,,,,,,,,,,,,,
1.30569,-0.255705,1.87129,,,,,,,,,,,,,,,,
1.31759,-0.12491,1.87216,,,,,,,,,,,,,,,,
1.32571,0.0214587,1.87225,,,,,,,,,,,,,,,,
1.33939,0.152977,1.86754,,,,,,,,,,,,,,,,
1.36019,0.31045,1.84603,,,,,,,,,,,,,,,,
1.36829,0.423445,1.82825,,,,,,,,,,,,,,,,
1.38506,0.542219,1.81614,,,,,,,,,,,,,,,,
1.41662,0.654949,1.82392,,,,,,,,,,,,,,,,
1.45086,0.739231,1.85034,,,,,,,,,,,,,,,,
1.4962,0.857517,1.88841,,,,,,,,,,,,,,,,
1.52655,0.993047,1.90889,,,,,,,,,,,,,,,,
1.55804,1.17029,1.9093,,,,,,,,,,,,,,,,
1.57654,1.26786,1.91649,,,,,,,,,,,,,,,,
1.67112,1.40823,1.99046,,,,,,,,,,,,,,,,
-2.67126,1.52925,-2.382,,,,,,,,,,,,,,,,
-1.87339,1.40504,-1.6174,,,,,,,,,,,,,,,,
-1.73022,1.23052,-1.5178,,,,,,,,,,,,,,,,
-1.64246,1.05546,-1.47998,,,,,,,,,,,,,,,,
-1.59397,0.876816,-1.48455,,,,,,,,,,,,,,,,
-1.56656,0.747027,-1.49453,,,,,,,,,,,,,,,,
-1.53866,0.582761,-1.51602,,,,,,,,,,,,,,,,
-1.51352,0.45253,-1.53754,,,,,,,,,,,,,,,,
-1.42983,0.100853,-1.61253,,,,,,,,,,,,,,,,
-1.3991,0.00187038,-1.63628,,,,,,,,,,,,,,,,
-1.38168,-0.0550943,-1.65058,,,,,,,,,,,,,,,,
-1.33795,-0.202496,-1.69085,,,,,,,,,,,,,,,,
-1.30774,-0.343373,-1.73329,,,,,,,,,,,,,,,,
-1.29824,-0.467431,-1.76364,,,,,,,,,,,,,,,,
-1.2561,-0.60918,-1.8179,,,,,,,,,,,,,,,,
-1.19549,-0.705513,-1.8792,,,,,,,,,,,,,,,,
-1.08148,-0.819769,-1.99936,,,,,,,,,,,,,,,,
-0.986518,-0.906033,-2.10935,,,,,,,,,,,,,,,,
-0.871463,-0.985014,-2.24098,,,,,,,,,,,,,,,,
-0.738489,-1.02926,-2.36411,,,,,,,,,,,,,,,,
-0.618,-1.05588,-2.48673,,,,,,,,,,,,,,,,
-0.452055,-1.0796,-2.65561,,,,,,,,,,,,,,,,
-0.335749,-1.09401,-2.78533,,,,,,,,,,,,,,,,
-0.132188,-1.1054,-2.98897,,,,,,,,,,,,,,,,
0.0825142,-1.0947,3.08005,,,,,,,,,,,,,,,,
0.221953,-1.08449,2.93657,,,,,,,,,,,,,,,,
0.330474,-1.07684,2.83205,,,,,,,,,,,,,,,,
0.391931,-1.08115,2.77509,,,,,,,,,,,,,,,,
0.424107,-1.08983,2.74083,,,,,,,,,,,,,,,,
0.453197,-1.09225,2.71146,,,,,,,,,,,,,,,,
0.455241,-1.09704,2.70775,,,,,,,,,,,,,,,,
0.428184,-1.10391,2.73185,,,,,,,,,,,,,,,,
0.392447,-1.1088,2.768,,,,,,,,,,,,,,,,
0.345042,-1.11841,2.81162,,,,,,,,,,,,,,,,
0.303726,-1.12864,2.85165,,,,,,,,,,,,,,,,
0.235331,-1.14675,2.92391,,,,,,,,,,,,,,,,
0.0946236,-1.1658,3.07127,,,,,,,,,,,,,,,,
0.0474176,-1.16889,3.11905,,,,,,,,,,,,,,,,
-0.324293,-1.15635,-2.77667,,,,,,,,,,,,,,,,
-0.400923,-1.14938,-2.69764,,,,,,,,,,,,,,,,
-0.47843,-1.13909,-2.61516,,,,,,,,,,,,,,,,
-0.631082,-1.10894,-2.45243,,,,,,,,,,,,,,,,
-0.778986,-1.06244,-2.29424,,,,,,,,,,,,,,,,
-0.884397,-1.01985,-2.18678,,,,,,,,,,,,,,,,
-0.977142,-0.970879,-2.09056,,,,,,,,,,,,,,,,
-1.04873,-0.919184,-2.01424,,,,,,,,,,,,,,,,
-1.08665,-0.88626,-1.97195,,,,,,,,,,,,,,,,
-1.12938,-0.835755,-1.92108,,,,,,,,,,,,,,,,
-1.16044,-0.793246,-1.88316,,,,,,,,,,,,,,,,
-1.19426,-0.731971,-1.8368,,,,,,,,,,,,,,,,
-1.2309,-0.67758,-1.79384,,,,,,,,,,,,,,,,
-1.27371,-0.61143,-1.7441,,,,,,,,,,,,,,,,
-1.30494,-0.547559,-1.70453,,,,,,,,,,,,,,,,
-1.32232,-0.503366,-1.68534,,,,,,,,,,,,,,,,
-1.34444,-0.451401,-1.66481,,,,,,,,,,,,,,,,
-1.36609,-0.399401,-1.6414,,,,,,,,,,,,,,,,
-1.39696,-0.328272,-1.60984,,,,,,,,,,,,,,,,
-1.42489,-0.256927,-1.58101,,,,,,,,,,,,,,,,
-1.45979,-0.165309,-1.54749,,,,,,,,,,,,,,,,
-1.48411,-0.0651762,-1.51595,,,,,,,,,,,,,,,,
-1.50297,0.0367679,-1.4892,,,,,,,,,,,,,,,,
-1.52049,0.160399,-1.45476,,,,,,,,,,,,,,,,
-1.5344,0.270517,-1.42271,,,,,,,,,,,,,,,,
-1.54791,0.407732,-1.38303,,,,,,,,,,,,,,,,
-1.5403,0.548282,-1.33875,,,,,,,,,,,,,,,,
-1.53664,0.667203,-1.30146,,,,,,,,,,,,,,,,
-1.49955,0.85501,-1.24669,,,,,,,,,,,,,,,,
-1.39553,1.10138,-1.14218,,,,,,,,,,,,,,,,
-0.178942,1.44758,0.0818966,,,,,,,,,,,,,,,,
0.68014,1.41466,0.932668,,,,,,,,,,,,,,,,
0.828087,1.39197,1.07869,,,,,,,,,,,,,,,,
1.1285,1.29981,1.36646,,,,,,,,,,,,,,,,
1.32156,1.11993,1.53522,,,,,,,,,,,,,,,,
1.36918,0.987749,1.58125,,,,,,,,,,,,,,,,
1.40043,0.807728,1.65702,,,,,,,,,,,,,,,,
1.42206,0.657209,1.72592,,,,,,,,,,,,,,,,
1.43382,0.515127,1.77398,,,,,,,,,,,,,,,,
1.45021,0.334609,1.81189,,,,,,,,,,,,,,,,
1.48483,0.191423,1.82025,,,,,,,,,,,,,,,,
1.52936,0.0228794,1.81513,,,,,,,,,,,,,,,,
1.5851,-0.149937,1.80867,,,,,,,,,,,,,,,,
1.61086,-0.275077,1.80892,,,,,,,,,,,,,,,,
1.61536,-0.431203,1.82292,,,,,,,,,,,,,,,,
1.60558,-0.564228,1.84413,,,,,,,,,,,,,,,,
1.58581,-0.730287,1.87757,,,,,,,,,,,,,,,,
1.56356,-0.858198,1.9088,,,,,,,,,,,,,,,,
1.53843,-1.01056,1.94505,,,,,,,,,,,,,,,,
1.5341,-1.10631,1.95768,,,,,,,,,,,,,,,,
1.54589,-1.19974,1.95275,,,,,,,,,,,,,,,,
1.53266,-1.28149,1.96233,,,,,,,,,,,,,,,,
1.51684,-1.32639,1.98023,,,,,,,,,,,,,,,,
1.53032,-1.36841,1.97492,,,,,,,,,,,,,,,,
1.55428,-1.38492,1.95264,,,,,,,,,,,,,,,,
1.58941,-1.38411,1.9127,,,,,,,,,,,,,,,,
1.60426,-1.37152,1.8897,,,,,,,,,,,,,,,,
1.60079,-1.35053,1.88259,,,,,,,,,,,,,,,,
1.60491,-1.33176,1.87522,,,,,,,,,,,,,,,,
1.61016,-1.31002,1.86907,,,,,,,,,,,,,,,,
1.61321,-1.23338,1.85959,,,,,,,,,,,,,,,,
1.60613,-1.18641,1.8614,,,,,,,,,,,,,,,,
1.58293,-1.10675,1.8691,,,,,,,,,,,,,,,,
1.56561,-1.05061,1.87416,,,,,,,,,,,,,,,,
1.56185,-0.97771,1.87125,,,,,,,,,,,,,,,,
1.55791,-0.898191,1.86468,,,,,,,,,,,,,,,,
1.55988,-0.827874,1.85613,,,,,,,,,,,,,,,,
1.55755,-0.752341,1.84847,,,,,,,,,,,,,,,,
1.54792,-0.698031,1.84573,,,,,,,,,,,,,,,,
1.53988,-0.618291,1.83769,,,,,,,,,,,,,,,,
1.53794,-0.541644,1.82716,,,,,,,,,,,,,,,,
1.54702,-0.435863,1.8095,,,,,,,,,,,,,,,,
1.5489,-0.321565,1.79851,,,,,,,,,,,,,,,,
1.54503,-0.22585,1.78973,,,,,,,,,,,,,,,,
1.53619,-0.104637,1.78447,,,,,,,,,,,,,,,,
1.51173,-0.00863199,1.78576,,,,,,,,,,,,,,,,
1.49791,0.123078,1.78286,,,,,,,,,,,,,,,,
1.48187,0.268943,1.77664,,,,,,,,,,,,,,,,
1.46795,0.385199,1.76566,,,,,,,,,,,,,,,,
1.44756,0.517915,1.7428,,,,,,,,,,,,,,,,
1.43406,0.602402,1.73096,,,,,,,,,,,,,,,,
1.42633,0.711887,1.73149,,,,,,,,,,,,,,,,
1.41822,0.780964,1.72692,,,,,,,,,,,,,,,,
1.40124,0.906367,1.69658,,,,,,,,,,,,,,,,
1.34388,1.05385,1.61973,,,,,,,,,,,,,,,,
1.30455,1.10303,1.56526,,,,,,,,,,,,,,,,
1.25552,1.16184,1.49976,,,,,,,,,,,,,,,,
1.20267,1.23932,1.43424,,,,,,,,,,,,,,,,
1.15442,1.28457,1.38096,,,,,,,,,,,,,,,,
1.00181,1.35676,1.21758,,,,,,,,,,,,,,,,
0.669254,1.412,0.871995,,,,,,,,,,,,,,,,
0.649683,1.41623,0.848384,,,,,,,,,,,,,,,,
0.61441,1.42492,0.808076,,,,,,,,,,,,,,,,
0.516578,1.43976,0.703764,,,,,,,,,,,,,,,,
0.388345,1.4651,0.561966,,,,,,,,,,,,,,,,
0.31461,1.48496,0.463517,,,,,,,,,,,,,,,,
0.468438,1.502,0.573549,,,,,,,,,,,,,,,,
0.704576,1.51389,0.804557,,,,,,,,,,,,,,,,
0.909955,1.52178,1.04138,,,,,,,,,,,,,,,,
0.884946,1.53264,1.04314,,,,,,,,,,,,,,,,
0.576407,1.54261,0.742693,,,,,,,,,,,,,,,,
0.116879,1.5423,0.281439,,,,,,,,,,,,,,,,
0.0632113,1.54156,0.225703,,,,,,,,,,,,,,,,
0.186368,1.53918,0.350827,,,,,,,,,,,,,,,,
0.294002,1.53367,0.466221,,,,,,,,,,,,,,,,
0.213293,1.53132,0.393519,,,,,,,,,,,,,,,,
0.063013,1.53118,0.244136,,,,,,,,,,,,,,,,
-0.04505,1.53352,0.135094,,,,,,,,,,,,,,,,
-0.0911282,1.53553,0.0911915,,,,,,,,,,,,,,,,
-0.123094,1.53968,0.0565188,,,,,,,,,,,,,,,,
-0.0297198,1.53985,0.151967,,,,,,,,,,,,,,,,
-0.246652,1.54056,-0.0582226,,,,,,,,,,,,,,,,
-0.381683,1.53647,-0.191899,,,,,,,,,,,,,,,,
-0.484242,1.5333,-0.288335,,,,,,,,,,,,,,,,
-0.462725,1.53113,-0.268297,,,,,,,,,,,,,,,,
-0.450915,1.53023,-0.258239,,,,,,,,,,,,,,,,
-0.434637,1.52903,-0.24336,,,,,,,,,,,,,,,,
-0.538018,1.52701,-0.344313,,,,,,,,,,,,,,,,
-0.748203,1.52162,-0.551264,,,,,,,,,,,,,,,,
-0.837812,1.5096,-0.639937,,,,,,,,,,,,,,,,
-0.996109,1.48228,-0.800706,,,,,,,,,,,,,,,,
-0.882059,1.48032,-0.702621,,,,,,,,,,,,,,,,
-0.840267,1.48105,-0.665849,,,,,,,,,,,,,,,,
-0.708679,1.48938,-0.550118,,,,,,,,,,,,,,,,
-0.744912,1.49828,-0.590045,,,,,,,,,,,,,,,,
-0.841348,1.51522,-0.67868,,,,,,,,,,,,,,,,
-0.924876,1.53019,-0.749753,,,,,,,,,,,,,,,,
-1.24364,1.54532,-1.05785,,,,,,,,,,,,,,,,
-1.91228,1.52466,-1.72888,,,,,,,,,,,,,,,,
-1.89149,1.49569,-1.72765,,,,,,,,,,,,,,,,
-2.10663,1.49535,-1.93271,,,,,,,,,,,,,,,,
-2.39755,1.49582,-2.21766,,,,,,,,,,,,,,,,
-2.41964,1.48136,-2.25338,,,,,,,,,,,,,,,,
-2.29216,1.48313,-2.13018,,,,,,,,,,,,,,,,
-2.19549,1.48337,-2.03875,,,,,,,,,,,,,,,,
-2.14596,1.49131,-1.98528,,,,,,,,,,,,,,,,
-2.04956,1.50217,-1.88936,,,,,,,,,,,,,,,,
-1.97791,1.50666,-1.81428,,,,,,,,,,,,,,,,
-1.97183,1.51365,-1.80546,,,,,,,,,,,,,,,,
-2.01384,1.52027,-1.84807,,,,,,,,,,,,,,,,
-1.89905,1.51157,-1.73984,,,,,,,,,,,,,,,,
-1.8764,1.50475,-1.71898,,,,,,,,,,,,,,,,
-1.89285,1.5071,-1.73219,,,,,,,,,,,,,,,,
-1.93227,1.51064,-1.76842,,,,,,,,,,,,,,,,
-1.8954,1.52083,-1.72832,,,,,,,,,,,,,,,,
-1.84363,1.53079,-1.67517,,,,,,,,,,,,,,,,
-1.77263,1.54088,-1.60102,,,,,,,,,,,,,,,,
-1.82556,1.54863,-1.65013,,,,,,,,,,,,,,,,
-1.74988,1.55062,-1.57101,,,,,,,,,,,,,,,,
-1.60414,1.54949,-1.42251,,,,,,,,,,,,,,,,
-1.43347,1.54491,-1.24808,,,,,,,,,,,,,,,,
-1.37258,1.54364,-1.18581,,,,,,,,,,,,,,,,
-1.40968,1.54371,-1.22235,,,,,,,,,,,,,,,,
-1.39851,1.5439,-1.2133,,,,,,,,,,,,,,,,
-1.38791,1.54446,-1.20359,,,,,,,,,,,,,,,,
-1.35311,1.54663,-1.17282,,,,,,,,,,,,,,,,
-1.20624,1.54808,-1.03257,,,,,,,,,,,,,,,,
-1.13807,1.55009,-0.968211,,,,,,,,,,,,,,,,
-0.941978,1.55347,-0.773623,,,,,,,,,,,,,,,,
-0.918001,1.55441,-0.75092,,,,,,,,,,,,,,,,
-1.00295,1.55259,-0.837343,,,,,,,,,,,,,,,,
-1.03702,1.55354,-0.871673,,,,,,,,,,,,,,,,
-1.20635,1.55441,-1.04149,,,,,,,,,,,,,,,,
-1.36164,1.55218,-1.1982,,,,,,,,,,,,,,,,
-1.40063,1.55041,-1.23773,,,,,,,,,,,,,,,,
-1.44417,1.54975,-1.28359,,,,,,,,,,,,,,,,
-1.46754,1.54947,-1.30733,,,,,,,,,,,,,,,,
-1.49521,1.55011,-1.33588,,,,,,,,,,,,,,,,
-1.46891,1.55142,-1.31072,,,,,,,,,,,,,,,,
-1.44397,1.55197,-1.28627,,,,,,,,,,,,,,,,
-1.55501,1.55187,-1.39962,,,,,,,,,,,,,,,,
-1.53396,1.5529,-1.379,,,,,,,,,,,,,,,,
-1.66996,1.55256,-1.51627,,,,,,,,,,,,,,,,
-1.72315,1.55161,-1.57019,,,,,,,,,,,,,,,,
-1.75435,1.55243,-1.60223,,,,,,,,,,,,,,,,
-1.79231,1.5519,-1.64108,,,,,,,,,,,,,,,,
-1.71938,1.55277,-1.56907,,,,,,,,,,,,,,,,
-1.75368,1.55361,-1.60345,,,,,,,,,,,,,,,,
-1.76166,1.55328,-1.61163,,,,,,,,,,,,,,,,
-1.79199,1.55248,-1.64446,,,,,,,,,,,,,,,,
-1.8585,1.55356,-1.71467,,,,,,,,,,,,,,,,
-1.837,1.55359,-1.69384,,,,,,,,,,,,,,,,
-1.87634,1.5535,-1.73433,,,,,,,,,,,,,,,,
-1.92013,1.55334,-1.7787,,,,,,,,,,,,,,,,
-1.91427,1.55234,-1.7732,,,,,,,,,,,,,,,,
-1.91097,1.55258,-1.7714,,,,,,,,,,,,,,,,
-1.94888,1.55418,-1.8091,,,,,,,,,,,,,,,,
-2.0197,1.55607,-1.88145,,,,,,,,,,,,,,,,
-2.01064,1.55625,-1.87297,,,,,,,,,,,,,,,,
-1.89879,1.55575,-1.76147,,,,,,,,,,,,,,,,
-1.81637,1.55355,-1.68051,,,,,,,,,,,,,,,,
-1.84946,1.55457,-1.71385,,,,,,,,,,,,,,,,
-2.01301,1.55621,-1.87742,,,,,,,,,,,,,,,,
-2.01107,1.55573,-1.87669,,,,,,,,,,,,,,,,
-1.9935,1.55265,-1.86183,,,,,,,,,,,,,,,,
-1.88829,1.55149,-1.75825,,,,,,,,,,,,,,,,
-2.0368,1.55216,-1.90741,,,,,,,,,,,,,,,,
-2.09628,1.55341,-1.96645,,,,,,,,,,,,,,,,
-2.1311,1.55185,-2.00329,,,,,,,,,,,,,,,,
-2.18108,1.55364,-2.05401,,,,,,,,,,,,,,,,
-2.25673,1.55432,-2.13073,,,,,,,,,,,,,,,,
-2.30447,1.55505,-2.17841,,,,,,,,,,,,,,,,
-2.28383,1.55549,-2.15766,,,,,,,,,,,,,,,,
-2.25736,1.55594,-2.12961,,,,,,,,,,,,,,,,
-2.214,1.55564,-2.08665,,,,,,,,,,,,,,,,
-2.25468,1.55515,-2.12753,,,,,,,,,,,,,,,,
-2.33563,1.55671,-2.20863,,,,,,,,,,,,,,,,
-2.43913,1.55551,-2.31298,,,,,,,,,,,,,,,,
-2.36093,1.55825,-2.23645,,,,,,,,,,,,,,,,
-2.3713,1.55853,-2.24697,,,,,,,,,,,,,,,,
-2.31513,1.55754,-2.19045,,,,,,,,,,,,,,,,
-2.35133,1.55756,-2.22651,,,,,,,,,,,,,,,,
-2.45419,1.55745,-2.32934,,,,,,,,,,,,,,,,
-2.54828,1.5566,-2.42431,,,,,,,,,,,,,,,,
-2.44707,1.55464,-2.32501,,,,,,,,,,,,,,,,
-2.36292,1.55359,-2.24147,,,,,,,,,,,,,,,,
-2.42408,1.55291,-2.30211,,,,,,,,,,,,,,,,
-2.42974,1.55325,-2.30756,,,,,,,,,,,,,,,,
-2.43289,1.55042,-2.31344,,,,,,,,,,,,,,,,
-2.50244,1.55272,-2.38378,,,,,,,,,,,,,,,,
-2.57738,1.55082,-2.45894,,,,,,,,,,,,,,,,
-2.55624,1.5535,-2.43845,,,,,,,,,,,,,,,,
-2.48447,1.55202,-2.36756,,,,,,,,,,,,,,,,
-2.62529,1.55314,-2.50655,,,,,,,,,,,,,,,,
-2.62156,1.55113,-2.50456,,,,,,,,,,,,,,,,
-2.62622,1.55335,-2.51216,,,,,,,,,,,,,,,,
-2.75414,1.55107,-2.64233,,,,,,,,,,,,,,,,
-2.74879,1.55034,-2.63712,,,,,,,,,,,,,,,,
-2.67666,1.54946,-2.56553,,,,,,,,,,,,,,,,
-2.62068,1.54881,-2.5093,,,,,,,,,,,,,,,,
-2.61023,1.54961,-2.49877,,,,,,,,,,,,,,,,
-2.62513,1.54834,-2.51332,,,,,,,,,,,,,,,,
-2.58825,1.55016,-2.47736,,,,,,,,,,,,,,,,
-2.57041,1.54995,-2.46184,,,,,,,,,,,,,,,,
-2.64507,1.54983,-2.53696,,,,,,,,,,,,,,,,
-2.63408,1.54909,-2.52746,,,,,,,,,,,,,,,,
-2.62317,1.54927,-2.51738,,,,,,,,,,,,,,,,
-2.62186,1.54897,-2.51736,,,,,,,,,,,,,,,,
-2.68122,1.54893,-2.5769,,,,,,,,,,,,,,,,
-2.6752,1.54856,-2.57161,,,,,,,,,,,,,,,,
-2.62483,1.54929,-2.52422,,,,,,,,,,,,,,,,
-2.57605,1.54892,-2.47666,,,,,,,,,,,,,,,,
-2.56818,1.54848,-2.46899,,,,,,,,,,,,,,,,
-2.58275,1.54838,-2.48328,,,,,,,,,,,,,,,,
-2.59275,1.54597,-2.49361,,,,,,,,,,,,,,,,
-2.56058,1.54617,-2.46186,,,,,,,,,,,,,,,,
-2.60205,1.54518,-2.50296,,,,,,,,,,,,,,,,
-2.62239,1.54469,-2.52422,,,,,,,,,,,,,,,,
-2.59233,1.54343,-2.49485,,,,,,,,,,,,,,,,
-2.59941,1.54497,-2.5031,,,,,,,,,,,,,,,,
-2.64184,1.54442,-2.54515,,,,,,,,,,,,,,,,
-2.62427,1.54425,-2.52826,,,,,,,,,,,,,,,,
-2.63175,1.54438,-2.53607,,,,,,,,,,,,,,,,
-2.68521,1.54379,-2.5898,,,,,,,,,,,,,,,,
-2.65131,1.54429,-2.55585,,,,,,,,,,,,,,,,
-2.67072,1.54348,-2.57594,,,,,,,,,,,,,,,,
-2.70961,1.54414,-2.6144,,,,,,,,,,,,,,,,
-2.70242,1.54345,-2.60738,,,,,,,,,,,,,,,,
-2.71626,1.54384,-2.62115,,,,,,,,,,,,,,,,
-2.77218,1.54408,-2.67778,,,,,,,,,,,,,,,,
-2.82828,1.54412,-2.73385,,,,,,,,,,,,,,,,
-2.88716,1.54432,-2.79527,,,,,,,,,,,,,,,,
-2.92074,1.54425,-2.83138,,,,,,,,,,,,,,,,
-2.92625,1.54383,-2.83659,,,,,,,,,,,,,,,,
-2.97854,1.54343,-2.88826,,,,,,,,,,,,,,,,
-2.96324,1.54553,-2.87417,,,,,,,,,,,,,,,,
-2.93257,1.54496,-2.8425,,,,,,,,,,,,,,,,
-3.08482,1.54412,-2.99195,,,,,,,,,,,,,,,,
2.90174,1.53979,2.99516,,,,,,,,,,,,,,,,
2.88824,1.53782,2.9806,,,,,,,,,,,,,,,,
3.05616,1.53484,3.14142,,,,,,,,,,,,,,,,
3.07429,1.53407,-3.12451,,,,,,,,,,,,,,,,
3.09591,1.53277,-3.10386,,,,,,,,,,,,,,,,
3.11743,1.53259,-3.08265,,,,,,,,,,,,,,,,
3.12236,1.53366,-3.07874,,,,,,,,,,,,,,,,
3.08641,1.53533,-3.11369,,,,,,,,,,,,,,,,
3.04686,1.53448,3.13117,,,,,,,,,,,,,,,,
3.01709,1.53441,3.10125,,,,,,,,,,,,,,,,
3.03578,1.53438,3.11836,,,,,,,,,,,,,,,,
3.00792,1.5326,3.09225,,,,,,,,,,,,,,,,
2.97965,1.5324,3.06423,,,,,,,,,,,,,,,,
2.92178,1.53189,3.00543,,,,,,,,,,,,,,,,
2.86226,1.53157,2.94564,,,,,,,,,,,,,,,,
2.8587,1.5299,2.94109,,,,,,,,,,,,,,,,
2.86178,1.53003,2.94357,,,,,,,,,,,,,,,,
2.95808,1.52811,3.03824,,,,,,,,,,,,,,,,
3.0087,1.52616,3.08659,,,,,,,,,,,,,,,,
2.99906,1.5206,3.07627,,,,,,,,,,,,,,,,
2.94793,1.51901,3.0253,,,,,,,,,,,,,,,,
2.94623,1.51711,3.02195,,,,,,,,,,,,,,,,
2.89487,1.51841,2.96777,,,,,,,,,,,,,,,,
2.91837,1.51858,2.98883,,,,,,,,,,,,,,,,
2.93271,1.51773,3.00401,,,,,,,,,,,,,,,,
2.91081,1.51732,2.98515,,,,,,,,,,,,,,,,
2.8888,1.51708,2.96231,,,,,,,,,,,,,,,,
2.83185,1.51575,2.90549,,,,,,,,,,,,,,,,
2.76736,1.51321,2.84151,,,,,,,,,,,,,,,,
2.74756,1.51184,2.82191,,,,,,,,,,,,,,,,
2.75371,1.5115,2.82885,,,,,,,,,,,,,,,,
2.7469,1.50984,2.8226,,,,,,,,,,,,,,,,
2.71999,1.50707,2.79107,,,,,,,,,,,,,,,,
2.71587,1.50667,2.78621,,,,,,,,,,,,,,,,
2.71645,1.5063,2.78617,,,,,,,,,,,,,,,,
2.75298,1.50587,2.81928,,,,,,,,,,,,,,,,
2.80188,1.50844,2.86356,,,,,,,,,,,,,,,,
2.85151,1.51006,2.90431,,,,,,,,,,,,,,,,
2.77647,1.50855,2.81866,,,,,,,,,,,,,,,,
2.6679,1.50625,2.69675,,,,,,,,,,,,,,,,
2.44227,1.50077,2.44797,,,,,,,,,,,,,,,,
2.3099,1.4881,2.29463,,,,,,,,,,,,,,,,
2.18828,1.46949,2.14441,,,,,,,,,,,,,,,,
2.26351,1.45113,2.20332,,,,,,,,,,,,,,,,
2.27686,1.41704,2.20304,,,,,,,,,,,,,,,,
